timestamp,Outer forearm sensor value (1),Inner forearm sensor value (2)
996312052.0,347.0,327.0
996313708.0,312.0,326.0
996315364.0,302.0,327.0
996317020.0,305.0,326.0
996318676.0,346.0,326.0
996320332.0,353.0,329.0
996321992.0,329.0,330.0
996323644.0,328.0,324.0
996325304.0,297.0,325.0
996326960.0,331.0,327.0
996328616.0,340.0,328.0
996330272.0,339.0,327.0
996331928.0,326.0,326.0
996333592.0,297.0,328.0
996335244.0,318.0,330.0
996336900.0,344.0,327.0
996338556.0,340.0,325.0
996340212.0,308.0,327.0
996341868.0,346.0,327.0
996343524.0,328.0,328.0
996345184.0,324.0,329.0
996346840.0,291.0,328.0
996348496.0,347.0,328.0
996350152.0,332.0,330.0
996351808.0,308.0,328.0
996353464.0,331.0,327.0
996355120.0,369.0,327.0
996356776.0,314.0,327.0
996358436.0,329.0,327.0
996360092.0,312.0,328.0
996361748.0,334.0,327.0
996363404.0,328.0,326.0
996365060.0,288.0,327.0
996366716.0,339.0,328.0
996368376.0,361.0,327.0
996370032.0,330.0,327.0
996371688.0,292.0,325.0
996373344.0,298.0,326.0
996375000.0,387.0,326.0
996376656.0,322.0,326.0
996378312.0,316.0,326.0
996379968.0,306.0,327.0
996381628.0,308.0,327.0
996383284.0,311.0,327.0
996384940.0,330.0,326.0
996386596.0,299.0,326.0
996388252.0,350.0,328.0
996389916.0,358.0,326.0
996391564.0,347.0,328.0
996393224.0,298.0,327.0
996394880.0,319.0,329.0
996396536.0,324.0,327.0
996398192.0,312.0,328.0
996399848.0,329.0,328.0
996401504.0,310.0,324.0
996403160.0,312.0,327.0
996404820.0,339.0,328.0
996406476.0,364.0,328.0
996408132.0,344.0,328.0
996409788.0,306.0,329.0
996411444.0,323.0,327.0
996413100.0,338.0,327.0
996414756.0,298.0,327.0
996416412.0,328.0,327.0
996418072.0,293.0,323.0
996419728.0,320.0,327.0
996421384.0,362.0,329.0
996423040.0,359.0,329.0
996424696.0,310.0,330.0
996426352.0,283.0,327.0
996428008.0,317.0,327.0
996429668.0,362.0,330.0
996431324.0,332.0,323.0
996432980.0,318.0,326.0
996434636.0,294.0,324.0
996436292.0,319.0,326.0
996437948.0,345.0,326.0
996439608.0,336.0,326.0
996441264.0,320.0,328.0
996442920.0,344.0,329.0
996444576.0,310.0,326.0
996446236.0,305.0,327.0
996447888.0,337.0,326.0
996449544.0,341.0,327.0
996451204.0,310.0,326.0
996452860.0,329.0,325.0
996454516.0,320.0,328.0
996456172.0,341.0,327.0
996457828.0,272.0,326.0
996459484.0,352.0,328.0
996461140.0,333.0,326.0
996462800.0,324.0,327.0
996464452.0,301.0,329.0
996466112.0,323.0,328.0
996467768.0,340.0,328.0
996469424.0,351.0,327.0
996471080.0,356.0,327.0
996472736.0,241.0,325.0
996474392.0,336.0,329.0
996476052.0,373.0,329.0
996477708.0,324.0,327.0
996479364.0,335.0,327.0
996481020.0,323.0,327.0
996482676.0,298.0,330.0
996484332.0,312.0,329.0
996485988.0,364.0,326.0
996487648.0,319.0,324.0
996489300.0,292.0,324.0
996490960.0,339.0,326.0
996492616.0,348.0,330.0
996494272.0,337.0,328.0
996495928.0,322.0,327.0
996497584.0,315.0,326.0
996499240.0,323.0,327.0
996500900.0,305.0,327.0
996502556.0,304.0,327.0
996504212.0,325.0,327.0
996505868.0,308.0,328.0
996507524.0,366.0,326.0
996509184.0,337.0,327.0
996510840.0,310.0,326.0
996512496.0,343.0,327.0
996514152.0,342.0,329.0
996515808.0,329.0,325.0
996517464.0,286.0,326.0
996519120.0,345.0,329.0
996520776.0,332.0,330.0
996522432.0,304.0,326.0
996524092.0,296.0,327.0
996525748.0,317.0,328.0
996527404.0,374.0,330.0
996529060.0,338.0,328.0
996530716.0,319.0,328.0
996532376.0,297.0,328.0
996534028.0,321.0,326.0
996535688.0,351.0,327.0
996537352.0,321.0,326.0
996539000.0,323.0,328.0
996540656.0,337.0,327.0
996542312.0,308.0,329.0
996543968.0,303.0,327.0
996545628.0,319.0,328.0
996547284.0,281.0,326.0
996548940.0,344.0,330.0
996550596.0,366.0,329.0
996552252.0,351.0,330.0
996553908.0,328.0,328.0
996555564.0,321.0,327.0
996557224.0,310.0,325.0
996558880.0,314.0,326.0
996560536.0,326.0,327.0
996562192.0,325.0,326.0
996563848.0,325.0,327.0
996565504.0,325.0,327.0
996567160.0,308.0,326.0
996568816.0,317.0,327.0
996570472.0,335.0,327.0
996572132.0,323.0,326.0
996573788.0,333.0,326.0
996575444.0,348.0,327.0
996577100.0,333.0,328.0
996578756.0,315.0,328.0
996580412.0,308.0,329.0
996582072.0,324.0,327.0
996583728.0,314.0,326.0
996585384.0,323.0,326.0
996587040.0,298.0,327.0
996588696.0,329.0,329.0
996590352.0,347.0,327.0
996592012.0,346.0,329.0
996593672.0,303.0,328.0
996595324.0,342.0,327.0
996596980.0,295.0,327.0
996598636.0,336.0,329.0
996600292.0,325.0,326.0
996601948.0,312.0,328.0
996603604.0,336.0,328.0
996605264.0,316.0,327.0
996606920.0,330.0,328.0
996608576.0,330.0,327.0
996610232.0,325.0,328.0
996611888.0,332.0,326.0
996613544.0,325.0,325.0
996615204.0,315.0,328.0
996616860.0,286.0,325.0
996618512.0,332.0,328.0
996620172.0,330.0,329.0
996621828.0,345.0,326.0
996623484.0,387.0,329.0
996625140.0,323.0,327.0
996626796.0,298.0,327.0
996628452.0,331.0,325.0
996630112.0,324.0,323.0
996631768.0,314.0,326.0
996633424.0,316.0,325.0
996635080.0,313.0,327.0
996636736.0,313.0,328.0
996638392.0,327.0,329.0
996640052.0,352.0,328.0
996641708.0,321.0,326.0
996643364.0,311.0,326.0
996645020.0,315.0,328.0
996646676.0,332.0,328.0
996648332.0,327.0,328.0
996649996.0,326.0,327.0
996651644.0,311.0,328.0
996653304.0,353.0,328.0
996654960.0,312.0,325.0
996656616.0,312.0,327.0
996658272.0,333.0,328.0
996659928.0,317.0,327.0
996661584.0,348.0,328.0
996663240.0,329.0,325.0
996664900.0,343.0,329.0
996666556.0,293.0,326.0
996668212.0,278.0,326.0
996669868.0,340.0,326.0
996671524.0,352.0,329.0
996673180.0,347.0,328.0
996674840.0,327.0,326.0
996676492.0,320.0,326.0
996678152.0,318.0,326.0
996679808.0,309.0,326.0
996681464.0,349.0,328.0
996683120.0,312.0,327.0
996684776.0,316.0,329.0
996686436.0,339.0,327.0
996688092.0,328.0,327.0
996689744.0,318.0,326.0
996691404.0,323.0,330.0
996693060.0,312.0,328.0
996694716.0,328.0,327.0
996696372.0,315.0,325.0
996698028.0,269.0,329.0
996699684.0,388.0,329.0
996701344.0,371.0,329.0
996703000.0,312.0,324.0
996704656.0,320.0,327.0
996706320.0,324.0,327.0
996707968.0,317.0,329.0
996709624.0,320.0,327.0
996711284.0,324.0,329.0
996712936.0,359.0,328.0
996714596.0,320.0,325.0
996716252.0,286.0,327.0
996717908.0,318.0,329.0
996719564.0,325.0,330.0
996721220.0,338.0,327.0
996722876.0,320.0,327.0
996724536.0,338.0,328.0
996726192.0,331.0,327.0
996727848.0,322.0,328.0
996729504.0,306.0,327.0
996731160.0,328.0,328.0
996732816.0,322.0,325.0
996734472.0,325.0,325.0
996736132.0,348.0,327.0
996737788.0,299.0,326.0
996739444.0,330.0,328.0
996741100.0,319.0,327.0
996742756.0,335.0,328.0
996744412.0,312.0,326.0
996746068.0,319.0,328.0
996747728.0,364.0,328.0
996749384.0,340.0,331.0
996751040.0,318.0,326.0
996752696.0,332.0,327.0
996754352.0,305.0,327.0
996756008.0,306.0,328.0
996757668.0,324.0,328.0
996759324.0,295.0,328.0
996760980.0,342.0,329.0
996762644.0,328.0,326.0
996764292.0,309.0,327.0
996765948.0,355.0,328.0
996767604.0,310.0,328.0
996769260.0,338.0,327.0
996770920.0,331.0,327.0
996772576.0,350.0,328.0
996774232.0,329.0,330.0
996775888.0,297.0,327.0
996777544.0,305.0,326.0
996779200.0,356.0,329.0
996780856.0,315.0,327.0
996782516.0,288.0,328.0
996784172.0,326.0,326.0
996785828.0,363.0,328.0
996787484.0,348.0,329.0
996789140.0,323.0,327.0
996790796.0,326.0,329.0
996792456.0,334.0,326.0
996794112.0,307.0,325.0
996795768.0,311.0,327.0
996797424.0,322.0,328.0
996799080.0,301.0,327.0
996800736.0,340.0,327.0
996802392.0,317.0,329.0
996804048.0,344.0,329.0
996805708.0,338.0,328.0
996807364.0,312.0,327.0
996809020.0,313.0,327.0
996810676.0,330.0,326.0
996812332.0,318.0,328.0
996813988.0,325.0,327.0
996815648.0,348.0,327.0
996817304.0,292.0,326.0
996818968.0,335.0,326.0
996820616.0,345.0,328.0
996822272.0,299.0,328.0
996823928.0,320.0,327.0
996825584.0,341.0,328.0
996827244.0,336.0,327.0
996828896.0,339.0,325.0
996830556.0,329.0,328.0
996832212.0,308.0,327.0
996833868.0,324.0,328.0
996835524.0,344.0,330.0
996837180.0,311.0,329.0
996838836.0,301.0,328.0
996840496.0,340.0,329.0
996842152.0,332.0,327.0
996843808.0,323.0,327.0
996845464.0,318.0,327.0
996847120.0,310.0,329.0
996848776.0,266.0,327.0
996850432.0,389.0,326.0
996852088.0,346.0,326.0
996853748.0,330.0,327.0
996855404.0,330.0,326.0
996857060.0,326.0,327.0
996858716.0,318.0,328.0
996860372.0,287.0,327.0
996862028.0,334.0,327.0
996863684.0,342.0,328.0
996865344.0,299.0,328.0
996867000.0,313.0,327.0
996868656.0,329.0,327.0
996870312.0,377.0,327.0
996871968.0,355.0,327.0
996873624.0,310.0,326.0
996875292.0,301.0,327.0
996876940.0,316.0,328.0
996878596.0,321.0,326.0
996880252.0,321.0,326.0
996881908.0,330.0,328.0
996883564.0,329.0,330.0
996885220.0,313.0,328.0
996886876.0,311.0,325.0
996888536.0,344.0,328.0
996890192.0,330.0,329.0
996891848.0,326.0,330.0
996893504.0,305.0,326.0
996895160.0,304.0,328.0
996896816.0,339.0,328.0
996898472.0,349.0,327.0
996900128.0,337.0,329.0
996901788.0,323.0,326.0
996903444.0,321.0,326.0
996905100.0,324.0,330.0
996906756.0,331.0,328.0
996908412.0,288.0,325.0
996910072.0,324.0,327.0
996911724.0,339.0,328.0
996913384.0,312.0,329.0
996915040.0,344.0,327.0
996916696.0,331.0,329.0
996918352.0,331.0,327.0
996920008.0,323.0,326.0
996921664.0,321.0,326.0
996923324.0,314.0,328.0
996924980.0,334.0,328.0
996926636.0,333.0,328.0
996928292.0,311.0,325.0
996929948.0,317.0,327.0
996931612.0,289.0,327.0
996933260.0,367.0,328.0
996934916.0,335.0,328.0
996936572.0,303.0,328.0
996938232.0,338.0,329.0
996939888.0,343.0,327.0
996941544.0,333.0,330.0
996943200.0,306.0,326.0
996944856.0,310.0,326.0
996946516.0,350.0,328.0
996948168.0,315.0,328.0
996949828.0,287.0,329.0
996951484.0,357.0,328.0
996953140.0,345.0,328.0
996954796.0,320.0,327.0
996956452.0,306.0,326.0
996958112.0,346.0,327.0
996959768.0,332.0,331.0
996961424.0,296.0,328.0
996963080.0,328.0,328.0
996964736.0,329.0,328.0
996966392.0,325.0,328.0
996968048.0,334.0,329.0
996969704.0,333.0,327.0
996971364.0,321.0,328.0
996973020.0,318.0,327.0
996974676.0,333.0,326.0
996976332.0,321.0,328.0
996977988.0,295.0,328.0
996979648.0,353.0,328.0
996981304.0,331.0,327.0
996982960.0,311.0,328.0
996984616.0,324.0,327.0
996986272.0,336.0,330.0
996987932.0,308.0,328.0
996989584.0,308.0,326.0
996991240.0,336.0,329.0
996992896.0,324.0,328.0
996994556.0,306.0,331.0
996996212.0,333.0,329.0
996997868.0,370.0,328.0
996999524.0,340.0,326.0
997001180.0,313.0,325.0
997002836.0,344.0,327.0
997004492.0,318.0,327.0
997006152.0,301.0,328.0
997007808.0,323.0,328.0
997009464.0,321.0,327.0
997011120.0,331.0,326.0
997012776.0,352.0,326.0
997014432.0,296.0,330.0
997016092.0,313.0,327.0
997017744.0,315.0,326.0
997019404.0,361.0,327.0
997021060.0,326.0,329.0
997022716.0,328.0,328.0
997024372.0,318.0,328.0
997026028.0,311.0,325.0
997027688.0,320.0,327.0
997029340.0,330.0,327.0
997031000.0,329.0,330.0
997032656.0,298.0,328.0
997034312.0,300.0,326.0
997035968.0,353.0,327.0
997037624.0,356.0,328.0
997039280.0,312.0,327.0
997040940.0,292.0,328.0
997042596.0,347.0,329.0
997044252.0,356.0,327.0
997045908.0,330.0,326.0
997047564.0,299.0,326.0
997049220.0,314.0,330.0
997050876.0,345.0,328.0
997052536.0,336.0,326.0
997054192.0,323.0,326.0
997055848.0,286.0,328.0
997057504.0,370.0,327.0
997059160.0,329.0,329.0
997060816.0,285.0,327.0
997062472.0,321.0,325.0
997064128.0,336.0,328.0
997065788.0,320.0,328.0
997067444.0,338.0,329.0
997069100.0,307.0,329.0
997070756.0,312.0,328.0
997072412.0,333.0,326.0
997074068.0,329.0,326.0
997075728.0,346.0,327.0
997077380.0,356.0,327.0
997079040.0,332.0,328.0
997080696.0,319.0,326.0
997082352.0,305.0,330.0
997084008.0,319.0,329.0
997085664.0,314.0,328.0
997087320.0,344.0,326.0
997088980.0,323.0,328.0
997090636.0,308.0,329.0
997092292.0,323.0,329.0
997093948.0,329.0,327.0
997095604.0,340.0,327.0
997097260.0,329.0,328.0
997098920.0,327.0,328.0
997100576.0,300.0,326.0
997102232.0,315.0,328.0
997103888.0,351.0,327.0
997105544.0,332.0,328.0
997107200.0,327.0,330.0
997108856.0,294.0,327.0
997110512.0,314.0,327.0
997112168.0,348.0,326.0
997113828.0,295.0,325.0
997115484.0,369.0,328.0
997117140.0,348.0,326.0
997118796.0,329.0,326.0
997120452.0,301.0,327.0
997122108.0,340.0,328.0
997123768.0,296.0,327.0
997125424.0,299.0,325.0
997127080.0,326.0,327.0
997128736.0,337.0,328.0
997130392.0,337.0,328.0
997132048.0,326.0,328.0
997133704.0,324.0,324.0
997135372.0,310.0,327.0
997137020.0,348.0,325.0
997138676.0,300.0,326.0
997140332.0,303.0,328.0
997141988.0,343.0,330.0
997143644.0,313.0,327.0
997145300.0,353.0,326.0
997146960.0,342.0,329.0
997148616.0,330.0,326.0
997150272.0,330.0,326.0
997151928.0,325.0,327.0
997153584.0,330.0,328.0
997155240.0,295.0,327.0
997156896.0,330.0,327.0
997158556.0,336.0,329.0
997160208.0,316.0,328.0
997161868.0,345.0,330.0
997163524.0,318.0,328.0
997165180.0,286.0,326.0
997166836.0,355.0,326.0
997168492.0,324.0,328.0
997170148.0,315.0,327.0
997171808.0,362.0,329.0
997173464.0,339.0,330.0
997175120.0,340.0,329.0
997176776.0,310.0,325.0
997178432.0,272.0,327.0
997180088.0,328.0,327.0
997181744.0,312.0,325.0
997183400.0,336.0,328.0
997185060.0,353.0,330.0
997186716.0,343.0,328.0
997188372.0,340.0,328.0
997190028.0,318.0,327.0
997191692.0,304.0,325.0
997193344.0,302.0,325.0
997195000.0,335.0,329.0
997196656.0,336.0,329.0
997198312.0,335.0,329.0
997199968.0,318.0,329.0
997201624.0,306.0,327.0
997203280.0,312.0,325.0
997204936.0,337.0,328.0
997206592.0,357.0,328.0
997208252.0,312.0,327.0
997209908.0,300.0,327.0
997211564.0,343.0,327.0
997213220.0,348.0,328.0
997214876.0,316.0,329.0
997216532.0,327.0,327.0
997218188.0,325.0,326.0
997219848.0,271.0,325.0
997221504.0,328.0,326.0
997223160.0,381.0,330.0
997224816.0,333.0,330.0
997226472.0,302.0,325.0
997228128.0,281.0,325.0
997229788.0,318.0,328.0
997231444.0,389.0,328.0
997233100.0,332.0,328.0
997234756.0,326.0,328.0
997236412.0,324.0,327.0
997238068.0,291.0,326.0
997239724.0,274.0,327.0
997241384.0,349.0,327.0
997243040.0,389.0,328.0
997244696.0,351.0,328.0
997246352.0,317.0,328.0
997248016.0,292.0,324.0
997249664.0,319.0,327.0
997251320.0,331.0,328.0
997252980.0,323.0,329.0
997254636.0,301.0,328.0
997256292.0,343.0,329.0
997257948.0,278.0,325.0
997259604.0,341.0,327.0
997261260.0,322.0,326.0
997262916.0,330.0,328.0
997264572.0,334.0,328.0
997266228.0,340.0,326.0
997267888.0,279.0,327.0
997269544.0,303.0,329.0
997271200.0,362.0,325.0
997272856.0,347.0,326.0
997274516.0,323.0,328.0
997276168.0,314.0,330.0
997277824.0,319.0,327.0
997279484.0,317.0,328.0
997281140.0,334.0,326.0
997282796.0,352.0,328.0
997284452.0,288.0,329.0
997286108.0,319.0,328.0
997287768.0,358.0,328.0
997289420.0,321.0,328.0
997291080.0,336.0,328.0
997292736.0,327.0,328.0
997294392.0,324.0,329.0
997296048.0,313.0,328.0
997297704.0,309.0,326.0
997299364.0,334.0,328.0
997301016.0,325.0,327.0
997302676.0,354.0,329.0
997304340.0,311.0,328.0
997305988.0,308.0,325.0
997307644.0,311.0,328.0
997309300.0,326.0,324.0
997310956.0,326.0,328.0
997312616.0,341.0,329.0
997314272.0,333.0,327.0
997315928.0,315.0,329.0
997317584.0,333.0,327.0
997319240.0,323.0,325.0
997320896.0,305.0,327.0
997322552.0,310.0,324.0
997324212.0,305.0,330.0
997325868.0,398.0,331.0
997327524.0,330.0,326.0
997329180.0,325.0,327.0
997330836.0,326.0,324.0
997332492.0,304.0,326.0
997334148.0,324.0,328.0
997335808.0,310.0,327.0
997337464.0,337.0,327.0
997339120.0,330.0,326.0
997340776.0,310.0,329.0
997342432.0,290.0,327.0
997344088.0,326.0,327.0
997345744.0,344.0,327.0
997347404.0,340.0,328.0
997349060.0,338.0,329.0
997350716.0,320.0,328.0
997352372.0,306.0,325.0
997354028.0,302.0,327.0
997355684.0,343.0,330.0
997357340.0,352.0,328.0
997359000.0,343.0,326.0
997360664.0,324.0,327.0
997362312.0,283.0,327.0
997363968.0,349.0,329.0
997365624.0,325.0,328.0
997367280.0,317.0,328.0
997368936.0,292.0,327.0
997370592.0,322.0,327.0
997372252.0,343.0,327.0
997373908.0,365.0,329.0
997375564.0,335.0,328.0
997377220.0,313.0,324.0
997378876.0,314.0,327.0
997380532.0,306.0,330.0
997382192.0,342.0,326.0
997383848.0,317.0,325.0
997385504.0,319.0,328.0
997387160.0,313.0,326.0
997388816.0,327.0,328.0
997390472.0,332.0,328.0
997392128.0,270.0,328.0
997393784.0,327.0,328.0
997395444.0,414.0,328.0
997397100.0,356.0,328.0
997398756.0,325.0,329.0
997400412.0,294.0,325.0
997402068.0,311.0,324.0
997403724.0,302.0,325.0
997405380.0,320.0,326.0
997407036.0,308.0,328.0
997408696.0,368.0,328.0
997410352.0,312.0,327.0
997412008.0,318.0,329.0
997413664.0,351.0,328.0
997415320.0,323.0,326.0
997416988.0,313.0,326.0
997418636.0,316.0,329.0
997420292.0,320.0,328.0
997421948.0,345.0,329.0
997423604.0,317.0,328.0
997425260.0,314.0,327.0
997426916.0,338.0,327.0
997428572.0,356.0,327.0
997430232.0,319.0,329.0
997431888.0,286.0,324.0
997433544.0,312.0,326.0
997435200.0,334.0,327.0
997436856.0,338.0,329.0
997438512.0,308.0,328.0
997440168.0,312.0,327.0
997441824.0,340.0,328.0
997443484.0,299.0,326.0
997445140.0,357.0,331.0
997446796.0,359.0,328.0
997448452.0,291.0,328.0
997450108.0,318.0,326.0
997451768.0,334.0,327.0
997453420.0,301.0,325.0
997455080.0,299.0,328.0
997456736.0,371.0,331.0
997458392.0,322.0,328.0
997460048.0,323.0,325.0
997461704.0,346.0,330.0
997463360.0,297.0,328.0
997465020.0,338.0,329.0
997466676.0,305.0,327.0
997468332.0,335.0,330.0
997469988.0,328.0,327.0
997471644.0,293.0,326.0
997473308.0,361.0,326.0
997474960.0,353.0,329.0
997476612.0,316.0,326.0
997478272.0,333.0,330.0
997479928.0,344.0,327.0
997481584.0,316.0,326.0
997483240.0,313.0,327.0
997484896.0,285.0,326.0
997486556.0,251.0,324.0
997488208.0,338.0,327.0
997489864.0,412.0,326.0
997491524.0,345.0,328.0
997493180.0,320.0,329.0
997494836.0,306.0,328.0
997496492.0,303.0,328.0
997498148.0,363.0,329.0
997499804.0,298.0,326.0
997501464.0,310.0,329.0
997503120.0,336.0,325.0
997504776.0,321.0,326.0
997506432.0,279.0,327.0
997508088.0,332.0,328.0
997509744.0,347.0,328.0
997511400.0,320.0,330.0
997513056.0,316.0,327.0
997514716.0,354.0,327.0
997516372.0,309.0,325.0
997518028.0,310.0,329.0
997519684.0,313.0,325.0
997521340.0,319.0,328.0
997523000.0,334.0,326.0
997524652.0,370.0,327.0
997526312.0,342.0,326.0
997527968.0,302.0,329.0
997529628.0,313.0,327.0
997531280.0,317.0,325.0
997532936.0,312.0,327.0
997534592.0,354.0,329.0
997536252.0,309.0,328.0
997537908.0,300.0,327.0
997539564.0,351.0,328.0
997541220.0,304.0,328.0
997542876.0,317.0,326.0
997544532.0,332.0,327.0
997546188.0,330.0,327.0
997547848.0,339.0,328.0
997549504.0,318.0,327.0
997551160.0,332.0,328.0
997552816.0,334.0,328.0
997554472.0,299.0,326.0
997556128.0,311.0,328.0
997557784.0,298.0,328.0
997559444.0,330.0,328.0
997561100.0,368.0,331.0
997562756.0,361.0,329.0
997564412.0,293.0,323.0
997566068.0,332.0,328.0
997567724.0,338.0,331.0
997569380.0,309.0,327.0
997571040.0,323.0,326.0
997572696.0,314.0,327.0
997574352.0,335.0,330.0
997576008.0,300.0,327.0
997577664.0,310.0,328.0
997579320.0,359.0,326.0
997580980.0,330.0,326.0
997582632.0,301.0,327.0
997584292.0,311.0,329.0
997585948.0,334.0,332.0
997587604.0,370.0,328.0
997589260.0,270.0,325.0
997590916.0,321.0,328.0
997592572.0,360.0,330.0
997594232.0,308.0,328.0
997595888.0,379.0,326.0
997597544.0,319.0,330.0
997599200.0,346.0,327.0
997600856.0,289.0,328.0
997602512.0,353.0,328.0
997604168.0,309.0,327.0
997605824.0,296.0,324.0
997607484.0,326.0,326.0
997609140.0,320.0,327.0
997610796.0,315.0,326.0
997612452.0,333.0,328.0
997614108.0,329.0,331.0
997615764.0,326.0,328.0
997617420.0,298.0,328.0
997619080.0,350.0,326.0
997620736.0,307.0,326.0
997622392.0,338.0,328.0
997624048.0,327.0,328.0
997625704.0,320.0,327.0
997627360.0,331.0,327.0
997629016.0,315.0,328.0
997630672.0,329.0,329.0
997632332.0,350.0,327.0
997633988.0,347.0,330.0
997635644.0,317.0,327.0
997637300.0,318.0,325.0
997638956.0,334.0,329.0
997640616.0,323.0,329.0
997642272.0,314.0,329.0
997643928.0,288.0,325.0
997645584.0,332.0,324.0
997647240.0,345.0,329.0
997648896.0,320.0,325.0
997650552.0,296.0,327.0
997652208.0,326.0,327.0
997653864.0,337.0,330.0
997655524.0,324.0,326.0
997657180.0,349.0,328.0
997658836.0,344.0,327.0
997660492.0,328.0,330.0
997662148.0,317.0,328.0
997663804.0,279.0,326.0
997665464.0,310.0,326.0
997667120.0,357.0,329.0
997668776.0,334.0,327.0
997670432.0,339.0,327.0
997672088.0,304.0,327.0
997673744.0,349.0,328.0
997675400.0,342.0,327.0
997677064.0,311.0,327.0
997678716.0,299.0,327.0
997680372.0,361.0,328.0
997682028.0,332.0,325.0
997683684.0,328.0,328.0
997685340.0,317.0,328.0
997686996.0,321.0,326.0
997688656.0,340.0,329.0
997690312.0,324.0,327.0
997691968.0,311.0,326.0
997693624.0,307.0,325.0
997695280.0,329.0,326.0
997696936.0,319.0,328.0
997698596.0,326.0,330.0
997700248.0,347.0,327.0
997701904.0,339.0,325.0
997703564.0,343.0,324.0
997705220.0,301.0,327.0
997706876.0,300.0,327.0
997708532.0,335.0,328.0
997710188.0,325.0,327.0
997711844.0,318.0,329.0
997713504.0,329.0,328.0
997715160.0,315.0,329.0
997716816.0,312.0,328.0
997718472.0,310.0,326.0
997720128.0,394.0,325.0
997721784.0,344.0,327.0
997723444.0,278.0,326.0
997725100.0,288.0,327.0
997726756.0,319.0,328.0
997728412.0,329.0,326.0
997730068.0,345.0,328.0
997731724.0,368.0,329.0
997733388.0,311.0,327.0
997735036.0,324.0,330.0
997736696.0,353.0,329.0
997738352.0,328.0,326.0
997740008.0,305.0,327.0
997741664.0,295.0,328.0
997743320.0,296.0,326.0
997744976.0,358.0,326.0
997746632.0,285.0,328.0
997748292.0,335.0,330.0
997749944.0,335.0,329.0
997751604.0,318.0,328.0
997753260.0,356.0,328.0
997754916.0,306.0,326.0
997756572.0,360.0,330.0
997758228.0,312.0,326.0
997759888.0,337.0,328.0
997761544.0,310.0,325.0
997763200.0,289.0,326.0
997764856.0,345.0,328.0
997766512.0,360.0,327.0
997768168.0,331.0,327.0
997769824.0,244.0,328.0
997771484.0,326.0,330.0
997773140.0,356.0,327.0
997774796.0,302.0,329.0
997776452.0,316.0,327.0
997778108.0,342.0,329.0
997779764.0,348.0,328.0
997781420.0,357.0,326.0
997783080.0,272.0,328.0
997784736.0,331.0,328.0
997786392.0,327.0,326.0
997788048.0,310.0,327.0
997789712.0,256.0,327.0
997791360.0,396.0,328.0
997793016.0,328.0,328.0
997794676.0,348.0,325.0
997796332.0,328.0,325.0
997797988.0,347.0,330.0
997799644.0,275.0,330.0
997801300.0,347.0,330.0
997802956.0,282.0,330.0
997804612.0,309.0,328.0
997806268.0,349.0,327.0
997807928.0,332.0,327.0
997809584.0,351.0,328.0
997811240.0,270.0,327.0
997812896.0,290.0,327.0
997814552.0,368.0,329.0
997816208.0,277.0,327.0
997817868.0,364.0,327.0
997819524.0,362.0,329.0
997821180.0,299.0,328.0
997822836.0,333.0,324.0
997824492.0,344.0,326.0
997826148.0,305.0,328.0
997827804.0,277.0,329.0
997829464.0,299.0,324.0
997831120.0,380.0,325.0
997832776.0,330.0,326.0
997834432.0,351.0,330.0
997836088.0,346.0,328.0
997837744.0,331.0,326.0
997839400.0,307.0,328.0
997841056.0,295.0,327.0
997842716.0,307.0,326.0
997844372.0,361.0,327.0
997846036.0,327.0,326.0
997847684.0,308.0,329.0
997849340.0,341.0,329.0
997850996.0,346.0,329.0
997852656.0,274.0,327.0
997854308.0,320.0,327.0
997855968.0,364.0,325.0
997857624.0,310.0,327.0
997859280.0,330.0,331.0
997860936.0,365.0,332.0
997862592.0,343.0,327.0
997864248.0,302.0,327.0
997865908.0,280.0,329.0
997867564.0,299.0,321.0
997869220.0,258.0,326.0
997870876.0,406.0,328.0
997872532.0,350.0,328.0
997874188.0,336.0,327.0
997875844.0,320.0,327.0
997877504.0,357.0,328.0
997879160.0,311.0,326.0
997880816.0,301.0,325.0
997882472.0,350.0,324.0
997884128.0,257.0,327.0
997885784.0,356.0,329.0
997887440.0,356.0,332.0
997889096.0,291.0,326.0
997890756.0,291.0,326.0
997892412.0,360.0,328.0
997894068.0,357.0,328.0
997895724.0,317.0,326.0
997897380.0,273.0,325.0
997899036.0,354.0,328.0
997900692.0,256.0,326.0
997902360.0,231.0,327.0
997904008.0,455.0,332.0
997905664.0,396.0,329.0
997907320.0,369.0,328.0
997908976.0,311.0,326.0
997910632.0,298.0,329.0
997912292.0,328.0,329.0
997913948.0,324.0,323.0
997915604.0,323.0,326.0
997917260.0,319.0,323.0
997918916.0,276.0,330.0
997920572.0,315.0,330.0
997922232.0,334.0,329.0
997923888.0,346.0,328.0
997925544.0,335.0,326.0
997927200.0,347.0,328.0
997928856.0,322.0,326.0
997930512.0,315.0,327.0
997932168.0,326.0,328.0
997933824.0,279.0,327.0
997935480.0,310.0,328.0
997937140.0,310.0,327.0
997938796.0,335.0,326.0
997940452.0,354.0,324.0
997942108.0,385.0,327.0
997943764.0,350.0,327.0
997945420.0,291.0,329.0
997947076.0,324.0,327.0
997948736.0,319.0,328.0
997950392.0,308.0,326.0
997952048.0,307.0,326.0
997953704.0,281.0,326.0
997955360.0,356.0,329.0
997957016.0,345.0,327.0
997958684.0,290.0,324.0
997960328.0,365.0,331.0
997961988.0,343.0,325.0
997963644.0,320.0,326.0
997965300.0,292.0,325.0
997966956.0,347.0,328.0
997968612.0,292.0,326.0
997970272.0,266.0,328.0
997971928.0,371.0,326.0
997973584.0,376.0,329.0
997975240.0,383.0,330.0
997976896.0,305.0,328.0
997978552.0,302.0,328.0
997980208.0,310.0,328.0
997981864.0,340.0,329.0
997983520.0,286.0,327.0
997985176.0,335.0,331.0
997986836.0,290.0,325.0
997988492.0,307.0,327.0
997990148.0,371.0,327.0
997991804.0,341.0,324.0
997993460.0,281.0,326.0
997995116.0,324.0,328.0
997996776.0,333.0,330.0
997998432.0,303.0,328.0
998000088.0,340.0,328.0
998001744.0,317.0,329.0
998003400.0,327.0,328.0
998005060.0,369.0,329.0
998006716.0,372.0,328.0
998008372.0,289.0,329.0
998010028.0,324.0,330.0
998011684.0,314.0,327.0
998013340.0,285.0,326.0
998015004.0,317.0,326.0
998016652.0,334.0,323.0
998018308.0,355.0,326.0
998019968.0,329.0,328.0
998021624.0,330.0,328.0
998023280.0,326.0,327.0
998024936.0,307.0,325.0
998026592.0,295.0,326.0
998028248.0,332.0,329.0
998029908.0,335.0,328.0
998031560.0,308.0,332.0
998033220.0,343.0,324.0
998034876.0,329.0,323.0
998036532.0,338.0,327.0
998038188.0,318.0,329.0
998039844.0,280.0,328.0
998041504.0,374.0,330.0
998043156.0,322.0,327.0
998044816.0,306.0,327.0
998046472.0,305.0,328.0
998048128.0,329.0,329.0
998049784.0,314.0,326.0
998051440.0,334.0,328.0
998053100.0,300.0,326.0
998054756.0,302.0,325.0
998056412.0,392.0,328.0
998058068.0,336.0,327.0
998059724.0,320.0,328.0
998061380.0,327.0,330.0
998063036.0,321.0,329.0
998064692.0,315.0,324.0
998066348.0,307.0,324.0
998068008.0,228.0,328.0
998069664.0,417.0,332.0
998071324.0,305.0,330.0
998072976.0,334.0,329.0
998074632.0,346.0,327.0
998076288.0,332.0,325.0
998077944.0,330.0,326.0
998079604.0,317.0,324.0
998081260.0,333.0,324.0
998082916.0,318.0,328.0
998084572.0,306.0,328.0
998086228.0,266.0,326.0
998087888.0,327.0,327.0
998089544.0,366.0,325.0
998091200.0,315.0,327.0
998092856.0,338.0,326.0
998094512.0,325.0,327.0
998096168.0,306.0,327.0
998097824.0,317.0,328.0
998099480.0,351.0,327.0
998101136.0,338.0,330.0
998102796.0,325.0,329.0
998104452.0,308.0,326.0
998106108.0,352.0,326.0
998107764.0,308.0,327.0
998109420.0,295.0,327.0
998111076.0,292.0,328.0
998112736.0,321.0,326.0
998114392.0,385.0,328.0
998116048.0,327.0,330.0
998117704.0,335.0,329.0
998119360.0,321.0,328.0
998121016.0,316.0,329.0
998122672.0,341.0,332.0
998124332.0,276.0,324.0
998125984.0,321.0,325.0
998127644.0,401.0,330.0
998129300.0,292.0,328.0
998130956.0,329.0,328.0
998132612.0,330.0,327.0
998134272.0,316.0,327.0
998135924.0,338.0,326.0
998137580.0,323.0,327.0
998139240.0,310.0,323.0
998140896.0,331.0,328.0
998142552.0,298.0,327.0
998144208.0,317.0,328.0
998145864.0,339.0,327.0
998147524.0,327.0,327.0
998149180.0,322.0,326.0
998150836.0,304.0,327.0
998152492.0,301.0,327.0
998154148.0,371.0,330.0
998155804.0,344.0,327.0
998157460.0,339.0,326.0
998159116.0,292.0,328.0
998160776.0,302.0,327.0
998162432.0,313.0,328.0
998164088.0,334.0,327.0
998165744.0,337.0,326.0
998167400.0,339.0,328.0
998169056.0,313.0,327.0
998170716.0,322.0,328.0
998172372.0,319.0,327.0
998174028.0,321.0,327.0
998175684.0,300.0,326.0
998177340.0,324.0,327.0
998178996.0,359.0,331.0
998180652.0,332.0,328.0
998182308.0,296.0,327.0
998183968.0,360.0,330.0
998185624.0,316.0,327.0
998187280.0,323.0,326.0
998188936.0,306.0,326.0
998190592.0,311.0,327.0
998192248.0,323.0,326.0
998193904.0,342.0,326.0
998195564.0,305.0,327.0
998197220.0,325.0,327.0
998198876.0,336.0,328.0
998200532.0,327.0,329.0
998202188.0,333.0,327.0
998203844.0,341.0,329.0
998205500.0,315.0,327.0
998207156.0,324.0,328.0
998208816.0,314.0,327.0
998210472.0,325.0,329.0
998212128.0,318.0,329.0
998213784.0,320.0,326.0
998215440.0,309.0,330.0
998217096.0,348.0,326.0
998218764.0,321.0,329.0
998220408.0,327.0,327.0
998222068.0,318.0,327.0
998223724.0,315.0,330.0
998225380.0,360.0,329.0
998227036.0,312.0,327.0
998228692.0,348.0,328.0
998230352.0,332.0,328.0
998232008.0,341.0,328.0
998233664.0,307.0,326.0
998235320.0,315.0,329.0
998236976.0,297.0,328.0
998238632.0,325.0,327.0
998240288.0,349.0,327.0
998241944.0,328.0,326.0
998243600.0,313.0,326.0
998245260.0,313.0,326.0
998246916.0,292.0,325.0
998248572.0,354.0,328.0
998250228.0,329.0,329.0
998251884.0,332.0,329.0
998253540.0,314.0,329.0
998255200.0,325.0,327.0
998256856.0,330.0,327.0
998258512.0,347.0,326.0
998260168.0,296.0,329.0
998261824.0,288.0,325.0
998263480.0,374.0,325.0
998265136.0,370.0,328.0
998266796.0,277.0,327.0
998268452.0,285.0,325.0
998270108.0,331.0,330.0
998271764.0,321.0,330.0
998273420.0,363.0,330.0
998275084.0,353.0,327.0
998276732.0,313.0,327.0
998278392.0,320.0,328.0
998280048.0,324.0,326.0
998281704.0,328.0,327.0
998283360.0,314.0,328.0
998285016.0,326.0,329.0
998286672.0,312.0,328.0
998288332.0,338.0,329.0
998289984.0,319.0,327.0
998291644.0,311.0,326.0
998293300.0,316.0,327.0
998294956.0,330.0,327.0
998296612.0,333.0,329.0
998298268.0,340.0,330.0
998299924.0,321.0,328.0
998301584.0,336.0,330.0
998303240.0,344.0,324.0
998304896.0,317.0,328.0
998306552.0,321.0,329.0
998308208.0,318.0,329.0
998309864.0,299.0,328.0
998311520.0,314.0,326.0
998313180.0,315.0,324.0
998314836.0,321.0,328.0
998316492.0,361.0,326.0
998318148.0,358.0,328.0
998319804.0,321.0,328.0
998321460.0,309.0,326.0
998323116.0,323.0,328.0
998324772.0,341.0,327.0
998326432.0,325.0,327.0
998328088.0,318.0,327.0
998329744.0,318.0,326.0
998331408.0,299.0,327.0
998333056.0,326.0,326.0
998334712.0,324.0,327.0
998336368.0,350.0,329.0
998338028.0,353.0,327.0
998339684.0,306.0,328.0
998341340.0,323.0,327.0
998342996.0,313.0,326.0
998344652.0,337.0,326.0
998346308.0,331.0,329.0
998347968.0,317.0,327.0
998349624.0,315.0,329.0
998351280.0,325.0,328.0
998352936.0,320.0,326.0
998354592.0,328.0,330.0
998356248.0,315.0,326.0
998357904.0,334.0,328.0
998359560.0,318.0,327.0
998361220.0,331.0,328.0
998362876.0,343.0,330.0
998364532.0,304.0,327.0
998366188.0,355.0,328.0
998367844.0,343.0,327.0
998369500.0,311.0,329.0
998371160.0,301.0,327.0
998372816.0,302.0,324.0
998374472.0,356.0,328.0
998376128.0,338.0,326.0
998377784.0,311.0,327.0
998379440.0,316.0,326.0
998381096.0,315.0,329.0
998382756.0,339.0,328.0
998384412.0,329.0,326.0
998386068.0,328.0,326.0
998387732.0,308.0,328.0
998389380.0,303.0,328.0
998391036.0,341.0,328.0
998392692.0,361.0,326.0
998394352.0,346.0,328.0
998396008.0,317.0,327.0
998397664.0,318.0,327.0
998399320.0,313.0,330.0
998400976.0,265.0,325.0
998402632.0,349.0,326.0
998404288.0,393.0,329.0
998405944.0,329.0,332.0
998407600.0,284.0,326.0
998409260.0,345.0,323.0
998410916.0,339.0,330.0
998412572.0,316.0,329.0
998414228.0,294.0,329.0
998415884.0,340.0,326.0
998417540.0,329.0,329.0
998419200.0,315.0,328.0
998420856.0,308.0,327.0
998422512.0,334.0,328.0
998424168.0,343.0,328.0
998425824.0,343.0,327.0
998427480.0,266.0,326.0
998429136.0,350.0,328.0
998430792.0,330.0,327.0
998432452.0,326.0,328.0
998434108.0,314.0,327.0
998435764.0,315.0,328.0
998437420.0,323.0,328.0
998439076.0,335.0,330.0
998440732.0,343.0,326.0
998442392.0,305.0,326.0
998444056.0,342.0,326.0
998445704.0,326.0,327.0
998447360.0,330.0,324.0
998449016.0,308.0,326.0
998450672.0,337.0,328.0
998452332.0,331.0,327.0
998453984.0,331.0,327.0
998455644.0,325.0,326.0
998457300.0,332.0,328.0
998458956.0,294.0,328.0
998460612.0,336.0,327.0
998462268.0,343.0,324.0
998463924.0,304.0,326.0
998465584.0,321.0,328.0
998467236.0,329.0,329.0
998468896.0,305.0,328.0
998470552.0,308.0,329.0
998472208.0,322.0,325.0
998473864.0,337.0,327.0
998475520.0,329.0,327.0
998477176.0,340.0,328.0
998478836.0,333.0,326.0
998480492.0,315.0,329.0
998482148.0,325.0,328.0
998483804.0,316.0,328.0
998485460.0,350.0,327.0
998487116.0,315.0,329.0
998488772.0,331.0,328.0
998490432.0,310.0,323.0
998492088.0,316.0,328.0
998493744.0,327.0,329.0
998495400.0,303.0,327.0
998497056.0,365.0,330.0
998498712.0,343.0,329.0
998500376.0,316.0,328.0
998502028.0,288.0,328.0
998503684.0,311.0,329.0
998505340.0,342.0,328.0
998506996.0,340.0,328.0
998508652.0,316.0,328.0
998510308.0,328.0,327.0
998511968.0,318.0,327.0
998513624.0,317.0,328.0
998515280.0,350.0,328.0
998516936.0,328.0,325.0
998518592.0,314.0,328.0
998520248.0,319.0,326.0
998521904.0,319.0,327.0
998523560.0,334.0,327.0
998525220.0,287.0,326.0
998526876.0,336.0,324.0
998528532.0,367.0,329.0
998530188.0,328.0,329.0
998531844.0,299.0,330.0
998533500.0,317.0,327.0
998535156.0,358.0,326.0
998536812.0,296.0,326.0
998538472.0,359.0,329.0
998540128.0,339.0,327.0
998541784.0,302.0,328.0
998543440.0,319.0,329.0
998545096.0,333.0,329.0
998546752.0,304.0,328.0
998548412.0,319.0,330.0
998550064.0,297.0,327.0
998551724.0,318.0,327.0
998553380.0,357.0,326.0
998555036.0,359.0,328.0
998556700.0,323.0,327.0
998558352.0,334.0,328.0
998560004.0,329.0,330.0
998561664.0,313.0,326.0
998563320.0,317.0,329.0
998564976.0,321.0,330.0
998566632.0,302.0,325.0
998568288.0,296.0,325.0
998569944.0,319.0,326.0
998571604.0,355.0,328.0
998573260.0,342.0,328.0
998574916.0,316.0,326.0
998576572.0,322.0,328.0
998578228.0,362.0,328.0
998579884.0,338.0,328.0
998581540.0,321.0,327.0
998583196.0,292.0,326.0
998584856.0,329.0,328.0
998586512.0,304.0,327.0
998588168.0,330.0,326.0
998589824.0,318.0,328.0
998591480.0,301.0,329.0
998593136.0,282.0,326.0
998594796.0,367.0,329.0
998596452.0,363.0,328.0
998598108.0,339.0,327.0
998599764.0,326.0,327.0
998601420.0,330.0,330.0
998603076.0,304.0,327.0
998604732.0,316.0,326.0
998606388.0,330.0,326.0
998608048.0,307.0,326.0
998609704.0,316.0,329.0
998611360.0,325.0,330.0
998613020.0,355.0,328.0
998614672.0,310.0,326.0
998616328.0,325.0,330.0
998617984.0,335.0,328.0
998619644.0,342.0,327.0
998621300.0,343.0,327.0
998622956.0,316.0,328.0
998624612.0,306.0,326.0
998626268.0,331.0,328.0
998627924.0,310.0,329.0
998629584.0,330.0,329.0
998631240.0,343.0,327.0
998632896.0,307.0,326.0
998634552.0,322.0,325.0
998636208.0,329.0,329.0
998637864.0,337.0,328.0
998639520.0,331.0,326.0
998641176.0,291.0,327.0
998642832.0,289.0,330.0
998644488.0,325.0,326.0
998646148.0,379.0,327.0
998647804.0,327.0,329.0
998649460.0,326.0,328.0
998651116.0,331.0,330.0
998652772.0,309.0,327.0
998654432.0,325.0,327.0
998656088.0,322.0,327.0
998657744.0,329.0,328.0
998659400.0,321.0,327.0
998661056.0,316.0,327.0
998662712.0,321.0,328.0
998664368.0,322.0,328.0
998666024.0,330.0,326.0
998667684.0,327.0,327.0
998669340.0,339.0,326.0
998670996.0,312.0,327.0
998672652.0,334.0,327.0
998674308.0,297.0,327.0
998675964.0,312.0,326.0
998677624.0,367.0,328.0
998679280.0,329.0,327.0
998680936.0,327.0,330.0
998682592.0,318.0,328.0
998684248.0,312.0,327.0
998685904.0,326.0,328.0
998687560.0,321.0,329.0
998689220.0,333.0,329.0
998690876.0,333.0,327.0
998692532.0,322.0,330.0
998694188.0,301.0,326.0
998695844.0,305.0,328.0
998697500.0,334.0,328.0
998699156.0,342.0,329.0
998700816.0,337.0,329.0
998702472.0,314.0,327.0
998704128.0,334.0,327.0
998705784.0,316.0,328.0
998707440.0,332.0,327.0
998709096.0,326.0,328.0
998710752.0,316.0,327.0
998712408.0,324.0,329.0
998714064.0,278.0,327.0
998715724.0,328.0,329.0
998717380.0,365.0,327.0
998719036.0,326.0,328.0
998720692.0,327.0,329.0
998722348.0,322.0,325.0
998724004.0,320.0,327.0
998725660.0,319.0,328.0
998727320.0,324.0,328.0
998728976.0,334.0,328.0
998730632.0,316.0,326.0
998732288.0,296.0,324.0
998733944.0,321.0,329.0
998735600.0,365.0,330.0
998737256.0,348.0,327.0
998738916.0,317.0,325.0
998740572.0,318.0,328.0
998742228.0,327.0,327.0
998743884.0,328.0,328.0
998745540.0,320.0,328.0
998747196.0,332.0,327.0
998748852.0,300.0,326.0
998750512.0,304.0,328.0
998752168.0,344.0,327.0
998753824.0,301.0,329.0
998755480.0,314.0,327.0
998757136.0,351.0,326.0
998758792.0,344.0,326.0
998760456.0,335.0,328.0
998762108.0,334.0,329.0
998763764.0,324.0,329.0
998765420.0,316.0,329.0
998767076.0,318.0,326.0
998768732.0,333.0,328.0
998770392.0,319.0,328.0
998772048.0,330.0,327.0
998773700.0,311.0,326.0
998775360.0,311.0,328.0
998777016.0,318.0,327.0
998778672.0,326.0,328.0
998780328.0,353.0,329.0
998781984.0,335.0,326.0
998783644.0,312.0,327.0
998785300.0,323.0,328.0
998786956.0,346.0,329.0
998788612.0,321.0,327.0
998790268.0,309.0,328.0
998791924.0,331.0,329.0
998793580.0,317.0,326.0
998795236.0,308.0,327.0
998796892.0,321.0,329.0
998798552.0,358.0,328.0
998800208.0,332.0,328.0
998801864.0,325.0,328.0
998803520.0,322.0,328.0
998805176.0,334.0,327.0
998806832.0,323.0,325.0
998808492.0,318.0,327.0
998810144.0,296.0,331.0
998811804.0,342.0,326.0
998813460.0,276.0,328.0
998815116.0,304.0,327.0
998816780.0,393.0,330.0
998818428.0,372.0,330.0
998820088.0,306.0,328.0
998821740.0,320.0,326.0
998823400.0,348.0,328.0
998825056.0,325.0,325.0
998826712.0,309.0,326.0
998828368.0,313.0,328.0
998830024.0,328.0,328.0
998831684.0,323.0,328.0
998833340.0,313.0,327.0
998834996.0,327.0,326.0
998836652.0,323.0,327.0
998838308.0,324.0,327.0
998839964.0,325.0,328.0
998841620.0,337.0,328.0
998843280.0,328.0,328.0
998844936.0,327.0,329.0
998846592.0,326.0,328.0
998848248.0,327.0,328.0
998849904.0,311.0,326.0
998851560.0,316.0,327.0
998853220.0,323.0,328.0
998854876.0,327.0,327.0
998856532.0,319.0,326.0
998858188.0,324.0,327.0
998859844.0,322.0,327.0
998861500.0,334.0,327.0
998863156.0,321.0,328.0
998864812.0,335.0,327.0
998866468.0,308.0,327.0
998868124.0,324.0,325.0
998869784.0,319.0,328.0
998871440.0,352.0,329.0
998873104.0,321.0,329.0
998874752.0,302.0,328.0
998876408.0,330.0,327.0
998878064.0,329.0,327.0
998879724.0,325.0,329.0
998881380.0,330.0,327.0
998883036.0,350.0,326.0
998884692.0,324.0,330.0
998886348.0,314.0,327.0
998888008.0,317.0,327.0
998889664.0,315.0,328.0
998891320.0,339.0,329.0
998892976.0,321.0,327.0
998894632.0,325.0,326.0
998896288.0,321.0,325.0
998897944.0,297.0,325.0
998899600.0,321.0,327.0
998901256.0,330.0,325.0
998902916.0,317.0,329.0
998904572.0,372.0,329.0
998906228.0,324.0,328.0
998907884.0,325.0,327.0
998909540.0,315.0,326.0
998911196.0,331.0,325.0
998912852.0,319.0,326.0
998914512.0,323.0,328.0
998916168.0,321.0,328.0
998917824.0,320.0,326.0
998919480.0,332.0,328.0
998921136.0,331.0,327.0
998922792.0,324.0,327.0
998924452.0,302.0,327.0
998926108.0,324.0,327.0
998927764.0,349.0,328.0
998929428.0,314.0,326.0
998931076.0,309.0,327.0
998932732.0,308.0,330.0
998934388.0,373.0,329.0
998936044.0,332.0,327.0
998937700.0,318.0,326.0
998939360.0,311.0,327.0
998941016.0,326.0,327.0
998942672.0,344.0,326.0
998944328.0,325.0,328.0
998945984.0,316.0,326.0
998947640.0,326.0,327.0
998949300.0,328.0,327.0
998950956.0,295.0,326.0
998952612.0,325.0,327.0
998954268.0,333.0,327.0
998955924.0,319.0,327.0
998957580.0,323.0,327.0
998959236.0,327.0,328.0
998960896.0,343.0,328.0
998962552.0,327.0,328.0
998964208.0,320.0,328.0
998965864.0,326.0,328.0
998967520.0,340.0,330.0
998969176.0,305.0,328.0
998970832.0,329.0,326.0
998972492.0,338.0,327.0
998974148.0,328.0,329.0
998975804.0,329.0,329.0
998977460.0,315.0,328.0
998979116.0,329.0,328.0
998980772.0,337.0,328.0
998982428.0,309.0,328.0
998984084.0,328.0,328.0
998985752.0,325.0,328.0
998987400.0,327.0,329.0
998989056.0,312.0,327.0
998990712.0,325.0,324.0
998992368.0,311.0,327.0
998994024.0,341.0,327.0
998995680.0,326.0,330.0
998997336.0,317.0,327.0
998998996.0,308.0,325.0
999000652.0,344.0,328.0
999002308.0,325.0,326.0
999003964.0,304.0,325.0
999005620.0,349.0,330.0
999007280.0,323.0,328.0
999008936.0,322.0,327.0
999010592.0,332.0,326.0
999012248.0,322.0,329.0
999013904.0,306.0,327.0
999015560.0,315.0,326.0
999017216.0,327.0,327.0
999018872.0,326.0,327.0
999020532.0,343.0,326.0
999022188.0,335.0,329.0
999023844.0,308.0,326.0
999025500.0,322.0,328.0
999027156.0,341.0,326.0
999028812.0,326.0,328.0
999030472.0,320.0,326.0
999032128.0,318.0,326.0
999033784.0,303.0,327.0
999035440.0,306.0,328.0
999037096.0,351.0,327.0
999038752.0,342.0,327.0
999040408.0,323.0,327.0
999042072.0,304.0,327.0
999043720.0,356.0,329.0
999045380.0,319.0,328.0
999047036.0,326.0,330.0
999048692.0,326.0,329.0
999050348.0,328.0,327.0
999052004.0,322.0,328.0
999053660.0,311.0,328.0
999055320.0,314.0,326.0
999056976.0,322.0,327.0
999058632.0,317.0,326.0
999060288.0,329.0,326.0
999061944.0,339.0,329.0
999063600.0,330.0,326.0
999065256.0,324.0,327.0
999066912.0,314.0,326.0
999068572.0,294.0,326.0
999070228.0,316.0,328.0
999071884.0,333.0,327.0
999073540.0,328.0,327.0
999075196.0,373.0,328.0
999076852.0,327.0,329.0
999078508.0,318.0,325.0
999080168.0,321.0,324.0
999081824.0,319.0,328.0
999083480.0,314.0,326.0
999085136.0,327.0,326.0
999086792.0,315.0,326.0
999088448.0,318.0,329.0
999090104.0,317.0,328.0
999091764.0,339.0,328.0
999093420.0,337.0,327.0
999095076.0,296.0,325.0
999096732.0,317.0,327.0
999098396.0,339.0,328.0
999100044.0,342.0,328.0
999101704.0,325.0,328.0
999103360.0,322.0,327.0
999105016.0,327.0,327.0
999106672.0,316.0,328.0
999108328.0,311.0,327.0
999109984.0,335.0,327.0
999111640.0,350.0,330.0
999113296.0,319.0,325.0
999114956.0,308.0,327.0
999116612.0,318.0,326.0
999118268.0,329.0,329.0
999119924.0,344.0,327.0
999121580.0,330.0,326.0
999123236.0,324.0,326.0
999124892.0,287.0,328.0
999126552.0,341.0,329.0
999128208.0,348.0,326.0
999129864.0,334.0,327.0
999131520.0,298.0,326.0
999133176.0,313.0,328.0
999134832.0,320.0,326.0
999136492.0,338.0,328.0
999138148.0,332.0,328.0
999139804.0,319.0,326.0
999141460.0,335.0,327.0
999143116.0,322.0,327.0
999144772.0,334.0,326.0
999146428.0,327.0,326.0
999148088.0,323.0,326.0
999149740.0,321.0,328.0
999151400.0,321.0,328.0
999153056.0,320.0,327.0
999154716.0,313.0,330.0
999156368.0,319.0,327.0
999158024.0,306.0,327.0
999159680.0,334.0,327.0
999161336.0,345.0,328.0
999162996.0,339.0,328.0
999164652.0,318.0,329.0
999166308.0,308.0,329.0
999167964.0,311.0,326.0
999169620.0,355.0,327.0
999171276.0,337.0,326.0
999172932.0,318.0,328.0
999174592.0,318.0,327.0
999176248.0,319.0,329.0
999177904.0,331.0,329.0
999179560.0,309.0,328.0
999181216.0,342.0,330.0
999182876.0,320.0,329.0
999184528.0,321.0,328.0
999186188.0,307.0,330.0
999187844.0,292.0,328.0
999189500.0,329.0,328.0
999191156.0,380.0,327.0
999192812.0,346.0,329.0
999194468.0,328.0,327.0
999196124.0,338.0,328.0
999197780.0,308.0,326.0
999199440.0,297.0,326.0
999201096.0,331.0,326.0
999202752.0,320.0,327.0
999204408.0,319.0,327.0
999206064.0,341.0,327.0
999207720.0,323.0,327.0
999209380.0,319.0,327.0
999211036.0,320.0,327.0
999212692.0,329.0,326.0
999214348.0,326.0,329.0
999216004.0,322.0,330.0
999217660.0,329.0,328.0
999219316.0,308.0,328.0
999220972.0,312.0,327.0
999222632.0,339.0,327.0
999224288.0,336.0,324.0
999225944.0,328.0,326.0
999227600.0,327.0,324.0
999229256.0,316.0,326.0
999230912.0,316.0,327.0
999232572.0,321.0,326.0
999234224.0,326.0,328.0
999235884.0,290.0,329.0
999237540.0,343.0,325.0
999239196.0,356.0,326.0
999240852.0,339.0,326.0
999242508.0,324.0,327.0
999244168.0,313.0,326.0
999245824.0,329.0,325.0
999247480.0,340.0,327.0
999249136.0,316.0,328.0
999250792.0,322.0,330.0
999252448.0,320.0,328.0
999254108.0,310.0,327.0
999255764.0,317.0,329.0
999257420.0,343.0,329.0
999259076.0,330.0,325.0
999260732.0,302.0,325.0
999262388.0,340.0,328.0
999264044.0,304.0,327.0
999265700.0,387.0,327.0
999267360.0,312.0,329.0
999269016.0,306.0,326.0
999270672.0,335.0,327.0
999272328.0,316.0,325.0
999273984.0,324.0,327.0
999275640.0,327.0,327.0
999277296.0,328.0,327.0
999278952.0,294.0,327.0
999280612.0,346.0,328.0
999282268.0,325.0,326.0
999283924.0,339.0,328.0
999285580.0,347.0,326.0
999287236.0,323.0,326.0
999288892.0,322.0,327.0
999290548.0,311.0,325.0
999292204.0,308.0,327.0
999293864.0,293.0,328.0
999295520.0,342.0,328.0
999297176.0,347.0,327.0
999298832.0,341.0,328.0
999300488.0,314.0,326.0
999302152.0,306.0,326.0
999303804.0,341.0,329.0
999305460.0,329.0,329.0
999307116.0,339.0,328.0
999308772.0,322.0,327.0
999310428.0,292.0,328.0
999312084.0,343.0,327.0
999313740.0,318.0,326.0
999315400.0,290.0,325.0
999317056.0,375.0,327.0
999318712.0,355.0,330.0
999320368.0,320.0,328.0
999322024.0,310.0,326.0
999323680.0,327.0,325.0
999325340.0,318.0,328.0
999326992.0,326.0,328.0
999328652.0,331.0,325.0
999330308.0,316.0,326.0
999331964.0,317.0,327.0
999333620.0,332.0,330.0
999335276.0,326.0,327.0
999336932.0,335.0,328.0
999338592.0,294.0,327.0
999340248.0,309.0,326.0
999341904.0,320.0,327.0
999343560.0,369.0,327.0
999345216.0,323.0,326.0
999346872.0,319.0,329.0
999348528.0,344.0,328.0
999350184.0,300.0,329.0
999351844.0,301.0,327.0
999353500.0,343.0,329.0
999355156.0,345.0,327.0
999356812.0,291.0,328.0
999358476.0,368.0,327.0
999360124.0,335.0,328.0
999361784.0,308.0,327.0
999363440.0,308.0,328.0
999365096.0,332.0,327.0
999366752.0,325.0,327.0
999368408.0,337.0,327.0
999370064.0,303.0,326.0
999371724.0,325.0,330.0
999373376.0,350.0,329.0
999375036.0,324.0,328.0
999376692.0,312.0,329.0
999378348.0,311.0,327.0
999380004.0,336.0,326.0
999381660.0,321.0,326.0
999383316.0,346.0,329.0
999384972.0,312.0,326.0
999386632.0,296.0,326.0
999388288.0,331.0,324.0
999389944.0,366.0,328.0
999391600.0,329.0,327.0
999393256.0,322.0,329.0
999394912.0,327.0,330.0
999396568.0,322.0,326.0
999398228.0,309.0,326.0
999399884.0,314.0,327.0
999401540.0,325.0,326.0
999403196.0,337.0,325.0
999404852.0,339.0,329.0
999406508.0,341.0,327.0
999408164.0,324.0,327.0
999409824.0,302.0,328.0
999411480.0,329.0,327.0
999413136.0,310.0,328.0
999414800.0,306.0,327.0
999416448.0,306.0,329.0
999418104.0,357.0,328.0
999419760.0,325.0,327.0
999421420.0,330.0,327.0
999423076.0,325.0,328.0
999424732.0,334.0,328.0
999426388.0,327.0,325.0
999428044.0,315.0,325.0
999429700.0,328.0,326.0
999431360.0,303.0,328.0
999433012.0,306.0,328.0
999434668.0,348.0,329.0
999436328.0,350.0,329.0
999437984.0,322.0,328.0
999439640.0,312.0,326.0
999441296.0,329.0,328.0
999442952.0,333.0,328.0
999444612.0,331.0,327.0
999446268.0,328.0,328.0
999447924.0,306.0,328.0
999449580.0,325.0,326.0
999451236.0,330.0,329.0
999452892.0,328.0,327.0
999454552.0,309.0,328.0
999456208.0,327.0,327.0
999457864.0,343.0,327.0
999459520.0,322.0,326.0
999461176.0,324.0,328.0
999462832.0,343.0,328.0
999464488.0,317.0,328.0
999466144.0,308.0,324.0
999467800.0,300.0,323.0
999469456.0,335.0,328.0
999471124.0,307.0,328.0
999472772.0,343.0,327.0
999474428.0,302.0,327.0
999476084.0,331.0,329.0
999477740.0,348.0,328.0
999479400.0,319.0,326.0
999481052.0,331.0,327.0
999482712.0,321.0,326.0
999484368.0,328.0,325.0
999486024.0,314.0,326.0
999487680.0,337.0,330.0
999489336.0,312.0,329.0
999490996.0,317.0,325.0
999492652.0,322.0,328.0
999494308.0,323.0,329.0
999495964.0,343.0,328.0
999497620.0,317.0,329.0
999499276.0,316.0,328.0
999500932.0,324.0,327.0
999502592.0,327.0,327.0
999504248.0,315.0,328.0
999505904.0,335.0,327.0
999507560.0,349.0,329.0
999509216.0,341.0,330.0
999510872.0,316.0,324.0
999512532.0,316.0,325.0
999514188.0,310.0,326.0
999515844.0,317.0,328.0
999517500.0,351.0,327.0
999519156.0,317.0,329.0
999520812.0,322.0,328.0
999522468.0,316.0,326.0
999524124.0,306.0,328.0
999525784.0,331.0,327.0
999527448.0,335.0,328.0
999529096.0,327.0,325.0
999530752.0,347.0,328.0
999532408.0,326.0,326.0
999534064.0,322.0,327.0
999535720.0,322.0,329.0
999537380.0,318.0,327.0
999539036.0,325.0,327.0
999540692.0,308.0,328.0
999542348.0,331.0,325.0
999544004.0,336.0,327.0
999545660.0,332.0,327.0
999547316.0,300.0,324.0
999548972.0,325.0,328.0
999550628.0,328.0,327.0
999552284.0,330.0,327.0
999553944.0,332.0,329.0
999555600.0,329.0,326.0
999557256.0,310.0,329.0
999558912.0,333.0,328.0
999560568.0,332.0,326.0
999562228.0,318.0,326.0
999563884.0,314.0,327.0
999565540.0,344.0,330.0
999567196.0,335.0,329.0
999568852.0,312.0,327.0
999570508.0,334.0,328.0
999572164.0,324.0,327.0
999573820.0,322.0,327.0
999575480.0,316.0,326.0
999577136.0,327.0,327.0
999578792.0,320.0,329.0
999580448.0,305.0,328.0
999582104.0,300.0,328.0
999583768.0,358.0,330.0
999585416.0,352.0,327.0
999587076.0,334.0,327.0
999588732.0,314.0,326.0
999590388.0,323.0,327.0
999592044.0,314.0,325.0
999593700.0,315.0,329.0
999595356.0,311.0,327.0
999597016.0,335.0,327.0
999598668.0,327.0,328.0
999600328.0,316.0,326.0
999601984.0,302.0,327.0
999603640.0,361.0,328.0
999605296.0,334.0,328.0
999606952.0,310.0,328.0
999608612.0,320.0,328.0
999610264.0,343.0,330.0
999611924.0,335.0,326.0
999613580.0,311.0,327.0
999615236.0,314.0,326.0
999616892.0,333.0,328.0
999618548.0,302.0,327.0
999620204.0,308.0,325.0
999621864.0,343.0,327.0
999623520.0,350.0,328.0
999625176.0,324.0,328.0
999626832.0,349.0,331.0
999628488.0,318.0,326.0
999630144.0,311.0,326.0
999631800.0,326.0,327.0
999633456.0,338.0,328.0
999635116.0,314.0,329.0
999636772.0,310.0,328.0
999638428.0,340.0,328.0
999640092.0,324.0,330.0
999641740.0,322.0,327.0
999643396.0,289.0,325.0
999645052.0,341.0,324.0
999646712.0,330.0,328.0
999648368.0,335.0,326.0
999650024.0,306.0,328.0
999651680.0,340.0,326.0
999653336.0,328.0,326.0
999654992.0,313.0,327.0
999656652.0,301.0,327.0
999658308.0,362.0,327.0
999659964.0,324.0,327.0
999661620.0,313.0,327.0
999663276.0,338.0,327.0
999664932.0,330.0,325.0
999666588.0,330.0,327.0
999668248.0,312.0,326.0
999669904.0,313.0,326.0
999671560.0,314.0,327.0
999673216.0,345.0,327.0
999674872.0,330.0,328.0
999676528.0,331.0,328.0
999678188.0,330.0,327.0
999679844.0,333.0,327.0
999681500.0,299.0,327.0
999683156.0,309.0,324.0
999684812.0,298.0,329.0
999686468.0,388.0,330.0
999688124.0,369.0,328.0
999689784.0,328.0,328.0
999691440.0,318.0,327.0
999693096.0,306.0,326.0
999694752.0,306.0,326.0
999696412.0,315.0,327.0
999698064.0,348.0,327.0
999699720.0,300.0,328.0
999701376.0,333.0,327.0
999703036.0,327.0,326.0
999704688.0,333.0,330.0
999706348.0,318.0,328.0
999708004.0,330.0,327.0
999709660.0,327.0,328.0
999711316.0,322.0,327.0
999712976.0,325.0,327.0
999714628.0,317.0,328.0
999716288.0,324.0,328.0
999717944.0,323.0,329.0
999719600.0,318.0,328.0
999721256.0,322.0,326.0
999722912.0,327.0,326.0
999724568.0,312.0,327.0
999726224.0,278.0,325.0
999727880.0,348.0,328.0
999729540.0,387.0,328.0
999731196.0,363.0,328.0
999732852.0,315.0,325.0
999734508.0,306.0,325.0
999736164.0,295.0,327.0
999737824.0,333.0,327.0
999739480.0,325.0,328.0
999741136.0,328.0,328.0
999742792.0,320.0,327.0
999744448.0,312.0,326.0
999746104.0,335.0,326.0
999747760.0,325.0,325.0
999749416.0,327.0,326.0
999751072.0,309.0,327.0
999752732.0,330.0,329.0
999754388.0,306.0,328.0
999756044.0,328.0,327.0
999757700.0,338.0,327.0
999759356.0,322.0,328.0
999761012.0,321.0,328.0
999762672.0,329.0,328.0
999764328.0,307.0,327.0
999765984.0,351.0,328.0
999767640.0,327.0,328.0
999769296.0,316.0,326.0
999770952.0,331.0,326.0
999772612.0,326.0,327.0
999774268.0,318.0,327.0
999775924.0,327.0,327.0
999777580.0,326.0,327.0
999779236.0,319.0,328.0
999780892.0,321.0,328.0
999782548.0,314.0,326.0
999784204.0,314.0,327.0
999785864.0,330.0,327.0
999787520.0,335.0,327.0
999789176.0,338.0,328.0
999790832.0,315.0,327.0
999792488.0,335.0,327.0
999794144.0,340.0,327.0
999795800.0,334.0,327.0
999797456.0,316.0,325.0
999799112.0,313.0,329.0
999800772.0,324.0,328.0
999802428.0,321.0,328.0
999804084.0,314.0,328.0
999805740.0,292.0,329.0
999807396.0,354.0,329.0
999809056.0,378.0,330.0
999810712.0,333.0,327.0
999812368.0,306.0,326.0
999814024.0,315.0,326.0
999815680.0,318.0,328.0
999817336.0,342.0,328.0
999818992.0,319.0,325.0
999820652.0,328.0,328.0
999822308.0,320.0,328.0
999823964.0,314.0,327.0
999825620.0,319.0,326.0
999827276.0,344.0,329.0
999828932.0,333.0,327.0
999830588.0,310.0,327.0
999832244.0,341.0,327.0
999833900.0,323.0,329.0
999835560.0,322.0,327.0
999837216.0,320.0,327.0
999838872.0,318.0,327.0
999840528.0,322.0,328.0
999842184.0,317.0,327.0
999843848.0,315.0,328.0
999845496.0,325.0,325.0
999847156.0,345.0,329.0
999848812.0,343.0,328.0
999850468.0,310.0,323.0
999852124.0,299.0,325.0
999853780.0,315.0,327.0
999855440.0,337.0,328.0
999857096.0,350.0,328.0
999858752.0,328.0,329.0
999860408.0,327.0,327.0
999862064.0,319.0,327.0
999863720.0,326.0,325.0
999865376.0,323.0,324.0
999867032.0,325.0,326.0
999868688.0,323.0,327.0
999870348.0,327.0,329.0
999872004.0,300.0,327.0
999873660.0,320.0,329.0
999875316.0,347.0,327.0
999876972.0,331.0,330.0
999878632.0,327.0,327.0
999880288.0,316.0,326.0
999881940.0,315.0,330.0
999883600.0,334.0,330.0
999885256.0,323.0,330.0
999886912.0,304.0,327.0
999888568.0,351.0,329.0
999890228.0,336.0,331.0
999891884.0,341.0,326.0
999893540.0,312.0,323.0
999895196.0,303.0,327.0
999896852.0,329.0,330.0
999898508.0,340.0,328.0
999900172.0,298.0,327.0
999901820.0,321.0,328.0
999903480.0,322.0,327.0
999905136.0,366.0,329.0
999906792.0,324.0,329.0
999908448.0,312.0,328.0
999910104.0,321.0,327.0
999911760.0,317.0,327.0
999913416.0,323.0,327.0
999915076.0,332.0,328.0
999916728.0,320.0,327.0
999918388.0,328.0,327.0
999920044.0,326.0,328.0
999921700.0,328.0,331.0
999923356.0,326.0,326.0
999925012.0,304.0,322.0
999926672.0,321.0,326.0
999928328.0,345.0,327.0
999929984.0,333.0,327.0
999931640.0,338.0,327.0
999933296.0,327.0,326.0
999934952.0,288.0,326.0
999936612.0,297.0,330.0
999938268.0,337.0,325.0
999939924.0,323.0,328.0
999941580.0,361.0,328.0
999943236.0,321.0,330.0
999944892.0,317.0,327.0
999946548.0,338.0,328.0
999948204.0,334.0,328.0
999949860.0,329.0,327.0
999951516.0,331.0,327.0
999953176.0,335.0,329.0
999954832.0,326.0,329.0
999956496.0,301.0,327.0
999958144.0,317.0,327.0
999959800.0,316.0,325.0
999961456.0,344.0,328.0
999963116.0,315.0,324.0
999964772.0,303.0,324.0
999966428.0,315.0,328.0
999968084.0,337.0,328.0
999969740.0,319.0,328.0
999971396.0,324.0,329.0
999973052.0,357.0,328.0
999974708.0,327.0,325.0
999976368.0,294.0,325.0
999978024.0,311.0,330.0
999979680.0,345.0,329.0
999981336.0,341.0,330.0
999982992.0,328.0,327.0
999984648.0,331.0,326.0
999986304.0,309.0,327.0
999987964.0,302.0,327.0
999989620.0,341.0,329.0
999991276.0,339.0,328.0
999992932.0,324.0,327.0
999994588.0,320.0,326.0
999996244.0,310.0,328.0
999997900.0,335.0,327.0
999999560.0,325.0,329.0
1000001216.0,324.0,329.0
1000002960.0,321.0,328.0
1000004704.0,318.0,326.0
1000006444.0,321.0,329.0
1000008192.0,334.0,328.0
1000009936.0,319.0,325.0
1000011676.0,321.0,328.0
1000013424.0,310.0,331.0
1000015164.0,342.0,330.0
1000016916.0,328.0,329.0
1000018652.0,302.0,326.0
1000020396.0,331.0,326.0
1000022140.0,323.0,328.0
1000023884.0,313.0,328.0
1000025628.0,348.0,327.0
1000027372.0,333.0,326.0
1000029116.0,337.0,327.0
1000030860.0,316.0,325.0
1000032600.0,313.0,327.0
1000034348.0,300.0,326.0
1000036088.0,342.0,327.0
1000037836.0,333.0,329.0
1000039576.0,354.0,329.0
1000041320.0,316.0,328.0
1000043064.0,323.0,327.0
1000044808.0,314.0,328.0
1000046552.0,326.0,326.0
1000048296.0,320.0,328.0
1000050040.0,334.0,328.0
1000051784.0,327.0,326.0
1000053528.0,333.0,327.0
1000055272.0,315.0,327.0
1000057016.0,331.0,329.0
1000058760.0,310.0,326.0
1000060504.0,327.0,329.0
1000062248.0,320.0,327.0
1000063992.0,311.0,328.0
1000065736.0,351.0,327.0
1000067480.0,321.0,328.0
1000069220.0,319.0,327.0
1000070964.0,333.0,328.0
1000072708.0,328.0,327.0
1000074452.0,324.0,328.0
1000076196.0,310.0,328.0
1000077940.0,317.0,328.0
1000079684.0,346.0,327.0
1000081436.0,315.0,330.0
1000083172.0,297.0,325.0
1000084916.0,365.0,326.0
1000086660.0,330.0,329.0
1000088404.0,334.0,327.0
1000090148.0,327.0,326.0
1000091892.0,300.0,328.0
1000093636.0,341.0,329.0
1000095380.0,329.0,327.0
1000097120.0,310.0,328.0
1000098864.0,328.0,328.0
1000100608.0,315.0,327.0
1000102352.0,335.0,328.0
1000104096.0,323.0,326.0
1000105840.0,321.0,325.0
1000107584.0,298.0,326.0
1000109328.0,299.0,329.0
1000111072.0,388.0,330.0
1000112816.0,339.0,327.0
1000114560.0,319.0,327.0
1000116304.0,320.0,326.0
1000118048.0,328.0,327.0
1000119792.0,315.0,328.0
1000121536.0,306.0,326.0
1000123280.0,328.0,325.0
1000125024.0,325.0,329.0
1000126768.0,353.0,328.0
1000128508.0,343.0,328.0
1000130252.0,328.0,328.0
1000131996.0,288.0,326.0
1000133740.0,314.0,326.0
1000135484.0,356.0,328.0
1000137228.0,331.0,326.0
1000138972.0,320.0,329.0
1000140716.0,299.0,328.0
1000142460.0,312.0,324.0
1000144204.0,345.0,328.0
1000145948.0,319.0,328.0
1000147692.0,312.0,326.0
1000149436.0,329.0,328.0
1000151180.0,349.0,328.0
1000152920.0,320.0,328.0
1000154664.0,339.0,330.0
1000156408.0,314.0,326.0
1000158152.0,331.0,328.0
1000159896.0,330.0,328.0
1000161640.0,333.0,328.0
1000163384.0,304.0,327.0
1000165128.0,310.0,325.0
1000166872.0,314.0,328.0
1000168616.0,327.0,327.0
1000170360.0,307.0,326.0
1000172104.0,342.0,328.0
1000173848.0,339.0,329.0
1000175592.0,328.0,328.0
1000177336.0,333.0,329.0
1000179080.0,322.0,328.0
1000180824.0,312.0,328.0
1000182564.0,335.0,326.0
1000184308.0,320.0,324.0
1000186052.0,328.0,328.0
1000187796.0,317.0,329.0
1000189540.0,342.0,330.0
1000191284.0,310.0,328.0
1000193036.0,339.0,327.0
1000194772.0,313.0,328.0
1000196516.0,314.0,327.0
1000198260.0,320.0,329.0
1000200004.0,340.0,327.0
1000201748.0,324.0,328.0
1000203492.0,316.0,325.0
1000205236.0,320.0,325.0
1000206980.0,320.0,328.0
1000208720.0,330.0,328.0
1000210464.0,343.0,327.0
1000212208.0,335.0,326.0
1000213952.0,321.0,328.0
1000215696.0,341.0,328.0
1000217440.0,311.0,327.0
1000219184.0,316.0,329.0
1000220928.0,331.0,328.0
1000222672.0,322.0,327.0
1000224416.0,320.0,327.0
1000226160.0,287.0,326.0
1000227904.0,324.0,327.0
1000229648.0,358.0,330.0
1000231388.0,323.0,329.0
1000233136.0,330.0,328.0
1000234880.0,321.0,326.0
1000236624.0,332.0,326.0
1000238364.0,325.0,327.0
1000240108.0,281.0,327.0
1000241852.0,343.0,330.0
1000243596.0,330.0,328.0
1000245340.0,338.0,325.0
1000247084.0,328.0,327.0
1000248828.0,310.0,328.0
1000250572.0,353.0,329.0
1000252316.0,338.0,328.0
1000254060.0,326.0,327.0
1000255804.0,321.0,327.0
1000257556.0,310.0,327.0
1000259292.0,312.0,327.0
1000261036.0,318.0,327.0
1000262780.0,330.0,327.0
1000264520.0,325.0,328.0
1000266264.0,299.0,327.0
1000268008.0,332.0,327.0
1000269752.0,359.0,326.0
1000271496.0,326.0,328.0
1000273240.0,324.0,329.0
1000274984.0,322.0,328.0
1000276728.0,316.0,324.0
1000278472.0,306.0,326.0
1000280216.0,345.0,330.0
1000281960.0,326.0,326.0
1000283704.0,324.0,325.0
1000285448.0,320.0,325.0
1000287192.0,326.0,326.0
1000288936.0,325.0,327.0
1000290680.0,325.0,327.0
1000292420.0,325.0,328.0
1000294164.0,310.0,328.0
1000295908.0,327.0,328.0
1000297652.0,338.0,329.0
1000299396.0,320.0,327.0
1000301140.0,325.0,327.0
1000302884.0,317.0,326.0
1000304628.0,315.0,328.0
1000306372.0,331.0,328.0
1000308116.0,330.0,327.0
1000309860.0,325.0,327.0
1000311604.0,329.0,328.0
1000313348.0,306.0,328.0
1000315092.0,304.0,326.0
1000316836.0,324.0,329.0
1000318580.0,337.0,327.0
1000320320.0,358.0,328.0
1000322072.0,334.0,329.0
1000323808.0,327.0,329.0
1000325552.0,305.0,329.0
1000327296.0,314.0,325.0
1000329040.0,306.0,328.0
1000330784.0,315.0,328.0
1000332528.0,332.0,327.0
1000334272.0,354.0,330.0
1000336016.0,318.0,327.0
1000337760.0,318.0,328.0
1000339500.0,323.0,328.0
1000341248.0,314.0,329.0
1000342992.0,328.0,328.0
1000344736.0,323.0,327.0
1000346480.0,326.0,327.0
1000348224.0,326.0,327.0
1000349964.0,325.0,326.0
1000351708.0,326.0,327.0
1000353452.0,326.0,329.0
1000355196.0,327.0,328.0
1000356940.0,323.0,325.0
1000358684.0,312.0,328.0
1000360428.0,302.0,327.0
1000362172.0,339.0,328.0
1000363916.0,334.0,329.0
1000365660.0,313.0,328.0
1000367404.0,336.0,330.0
1000369148.0,348.0,328.0
1000370892.0,310.0,329.0
1000372632.0,345.0,327.0
1000374376.0,323.0,327.0
1000376124.0,313.0,327.0
1000377868.0,322.0,329.0
1000379608.0,318.0,328.0
1000381352.0,340.0,328.0
1000383096.0,308.0,328.0
1000384840.0,322.0,327.0
1000386588.0,316.0,327.0
1000388328.0,325.0,327.0
1000390072.0,325.0,328.0
1000391816.0,336.0,328.0
1000393560.0,330.0,329.0
1000395304.0,324.0,327.0
1000397048.0,321.0,326.0
1000398792.0,321.0,327.0
1000400536.0,322.0,328.0
1000402280.0,321.0,327.0
1000404020.0,322.0,326.0
1000405764.0,324.0,325.0
1000407508.0,326.0,328.0
1000409252.0,327.0,328.0
1000410996.0,327.0,327.0
1000412740.0,328.0,328.0
1000414484.0,330.0,329.0
1000416228.0,314.0,328.0
1000417972.0,309.0,324.0
1000419716.0,316.0,328.0
1000421460.0,337.0,330.0
1000423204.0,334.0,328.0
1000424948.0,286.0,325.0
1000426692.0,267.0,324.0
1000428436.0,392.0,325.0
1000430180.0,404.0,329.0
1000431924.0,323.0,330.0
1000433672.0,314.0,329.0
1000435408.0,319.0,329.0
1000437152.0,306.0,327.0
1000438896.0,314.0,326.0
1000440640.0,318.0,328.0
1000442384.0,318.0,327.0
1000444128.0,325.0,328.0
1000445872.0,317.0,329.0
1000447616.0,338.0,328.0
1000449360.0,330.0,327.0
1000451104.0,326.0,328.0
1000452844.0,325.0,327.0
1000454592.0,327.0,328.0
1000456336.0,315.0,327.0
1000458076.0,310.0,327.0
1000459824.0,328.0,327.0
1000461564.0,326.0,327.0
1000463308.0,330.0,327.0
1000465052.0,313.0,328.0
1000466796.0,343.0,327.0
1000468540.0,332.0,329.0
1000470284.0,317.0,325.0
1000472028.0,319.0,328.0
1000473772.0,325.0,326.0
1000475516.0,328.0,329.0
1000477260.0,320.0,327.0
1000479004.0,327.0,328.0
1000480748.0,332.0,328.0
1000482492.0,319.0,328.0
1000484236.0,314.0,329.0
1000485980.0,329.0,327.0
1000487720.0,330.0,328.0
1000489464.0,327.0,327.0
1000491208.0,327.0,327.0
1000492952.0,327.0,327.0
1000494696.0,323.0,327.0
1000496440.0,323.0,328.0
1000498192.0,322.0,326.0
1000499928.0,322.0,328.0
1000501672.0,322.0,327.0
1000503416.0,321.0,329.0
1000505160.0,311.0,327.0
1000506904.0,322.0,330.0
1000508648.0,303.0,328.0
1000510392.0,336.0,327.0
1000512136.0,392.0,329.0
1000513880.0,302.0,328.0
1000515620.0,312.0,326.0
1000517364.0,348.0,328.0
1000519108.0,319.0,327.0
1000520852.0,314.0,327.0
1000522596.0,322.0,326.0
1000524340.0,310.0,326.0
1000526084.0,331.0,328.0
1000527828.0,335.0,327.0
1000529572.0,323.0,327.0
1000531316.0,321.0,328.0
1000533060.0,325.0,327.0
1000534804.0,329.0,326.0
1000536548.0,320.0,328.0
1000538292.0,318.0,328.0
1000540036.0,321.0,328.0
1000541780.0,307.0,329.0
1000543524.0,322.0,328.0
1000545264.0,320.0,326.0
1000547008.0,355.0,327.0
1000548752.0,293.0,326.0
1000550496.0,367.0,327.0
1000552240.0,300.0,327.0
1000553984.0,287.0,328.0
1000555728.0,363.0,328.0
1000557472.0,358.0,324.0
1000559216.0,322.0,326.0
1000560960.0,314.0,329.0
1000562712.0,320.0,329.0
1000564448.0,311.0,327.0
1000566192.0,321.0,327.0
1000567936.0,331.0,328.0
1000569680.0,340.0,327.0
1000571424.0,315.0,328.0
1000573168.0,343.0,329.0
1000574908.0,323.0,327.0
1000576652.0,326.0,328.0
1000578396.0,324.0,327.0
1000580140.0,317.0,329.0
1000581884.0,314.0,327.0
1000583628.0,319.0,328.0
1000585372.0,324.0,327.0
1000587116.0,311.0,328.0
1000588860.0,341.0,328.0
1000590604.0,326.0,328.0
1000592348.0,348.0,330.0
1000594092.0,348.0,330.0
1000595836.0,317.0,326.0
1000597576.0,312.0,326.0
1000599320.0,323.0,328.0
1000601064.0,308.0,328.0
1000602808.0,292.0,326.0
1000604552.0,330.0,329.0
1000606296.0,382.0,329.0
1000608040.0,334.0,328.0
1000609784.0,313.0,328.0
1000611528.0,309.0,328.0
1000613272.0,324.0,329.0
1000615016.0,342.0,328.0
1000616760.0,314.0,330.0
1000618504.0,315.0,326.0
1000620248.0,322.0,327.0
1000621992.0,337.0,329.0
1000623736.0,324.0,327.0
1000625480.0,313.0,328.0
1000627228.0,323.0,328.0
1000628964.0,316.0,329.0
1000630708.0,321.0,329.0
1000632452.0,327.0,326.0
1000634196.0,330.0,327.0
1000635940.0,330.0,328.0
1000637684.0,327.0,327.0
1000639428.0,314.0,329.0
1000641172.0,310.0,330.0
1000642916.0,330.0,329.0
1000644660.0,343.0,329.0
1000646404.0,312.0,325.0
1000648148.0,337.0,327.0
1000649892.0,333.0,328.0
1000651636.0,334.0,327.0
1000653380.0,313.0,329.0
1000655124.0,314.0,326.0
1000656864.0,327.0,328.0
1000658608.0,331.0,326.0
1000660352.0,324.0,327.0
1000662096.0,323.0,329.0
1000663840.0,322.0,329.0
1000665584.0,321.0,327.0
1000667328.0,301.0,327.0
1000669072.0,328.0,329.0
1000670816.0,329.0,327.0
1000672560.0,317.0,324.0
1000674312.0,330.0,328.0
1000676048.0,312.0,328.0
1000677792.0,346.0,329.0
1000679536.0,354.0,330.0
1000681280.0,298.0,328.0
1000683024.0,295.0,328.0
1000684768.0,302.0,325.0
1000686508.0,346.0,326.0
1000688252.0,361.0,327.0
1000689996.0,320.0,327.0
1000691740.0,323.0,330.0
1000693484.0,341.0,331.0
1000695228.0,310.0,326.0
1000696972.0,316.0,328.0
1000698716.0,341.0,328.0
1000700460.0,308.0,327.0
1000702204.0,321.0,328.0
1000703948.0,315.0,327.0
1000705692.0,345.0,333.0
1000707436.0,328.0,328.0
1000709180.0,307.0,324.0
1000710920.0,347.0,325.0
1000712664.0,325.0,329.0
1000714408.0,304.0,329.0
1000716152.0,332.0,329.0
1000717896.0,335.0,327.0
1000719640.0,321.0,327.0
1000721384.0,378.0,328.0
1000723128.0,303.0,324.0
1000724872.0,309.0,329.0
1000726616.0,328.0,327.0
1000728360.0,320.0,326.0
1000730104.0,330.0,327.0
1000731848.0,318.0,327.0
1000733592.0,325.0,328.0
1000735336.0,329.0,328.0
1000737080.0,314.0,328.0
1000738832.0,313.0,327.0
1000740568.0,307.0,329.0
1000742308.0,300.0,327.0
1000744052.0,379.0,329.0
1000745796.0,361.0,329.0
1000747540.0,325.0,327.0
1000749284.0,318.0,326.0
1000751028.0,324.0,327.0
1000752772.0,322.0,328.0
1000754516.0,327.0,328.0
1000756260.0,324.0,329.0
1000758004.0,320.0,328.0
1000759748.0,312.0,326.0
1000761488.0,319.0,329.0
1000763232.0,339.0,330.0
1000764980.0,323.0,327.0
1000766724.0,332.0,327.0
1000768464.0,299.0,326.0
1000770208.0,336.0,327.0
1000771952.0,335.0,328.0
1000773696.0,328.0,328.0
1000775440.0,323.0,329.0
1000777184.0,316.0,328.0
1000778928.0,314.0,325.0
1000780672.0,355.0,329.0
1000782416.0,316.0,329.0
1000784160.0,330.0,329.0
1000785904.0,325.0,331.0
1000787648.0,347.0,328.0
1000789392.0,300.0,321.0
1000791132.0,318.0,327.0
1000792876.0,318.0,327.0
1000794624.0,339.0,327.0
1000796364.0,338.0,328.0
1000798108.0,315.0,329.0
1000799852.0,320.0,330.0
1000801596.0,326.0,326.0
1000803348.0,325.0,328.0
1000805084.0,317.0,328.0
1000806828.0,311.0,326.0
1000808572.0,320.0,325.0
1000810316.0,354.0,329.0
1000812060.0,322.0,329.0
1000813804.0,321.0,327.0
1000815548.0,348.0,328.0
1000817292.0,324.0,328.0
1000819036.0,340.0,328.0
1000820776.0,288.0,329.0
1000822520.0,312.0,327.0
1000824264.0,344.0,326.0
1000826008.0,340.0,327.0
1000827752.0,312.0,328.0
1000829496.0,323.0,326.0
1000831240.0,344.0,328.0
1000832984.0,328.0,326.0
1000834728.0,328.0,330.0
1000836472.0,326.0,330.0
1000838216.0,316.0,329.0
1000839960.0,313.0,328.0
1000841704.0,322.0,325.0
1000843448.0,316.0,328.0
1000845192.0,296.0,327.0
1000846936.0,356.0,331.0
1000848680.0,328.0,326.0
1000850420.0,342.0,327.0
1000852164.0,322.0,328.0
1000853908.0,328.0,329.0
1000855652.0,325.0,327.0
1000857396.0,324.0,327.0
1000859140.0,316.0,327.0
1000860884.0,324.0,327.0
1000862628.0,335.0,328.0
1000864372.0,302.0,328.0
1000866116.0,300.0,329.0
1000867868.0,310.0,328.0
1000869604.0,382.0,330.0
1000871348.0,335.0,326.0
1000873092.0,304.0,323.0
1000874836.0,339.0,327.0
1000876580.0,301.0,327.0
1000878324.0,340.0,329.0
1000880064.0,328.0,328.0
1000881808.0,321.0,327.0
1000883552.0,325.0,326.0
1000885296.0,332.0,328.0
1000887040.0,318.0,327.0
1000888784.0,318.0,327.0
1000890528.0,322.0,326.0
1000892272.0,329.0,327.0
1000894016.0,337.0,329.0
1000895760.0,330.0,328.0
1000897504.0,327.0,328.0
1000899248.0,305.0,329.0
1000900992.0,324.0,327.0
1000902736.0,344.0,328.0
1000904476.0,329.0,327.0
1000906224.0,306.0,326.0
1000907964.0,322.0,329.0
1000909708.0,341.0,327.0
1000911452.0,327.0,328.0
1000913196.0,322.0,327.0
1000914940.0,319.0,329.0
1000916684.0,313.0,328.0
1000918428.0,354.0,328.0
1000920172.0,331.0,328.0
1000921916.0,330.0,328.0
1000923660.0,316.0,328.0
1000925404.0,323.0,331.0
1000927148.0,319.0,324.0
1000928892.0,303.0,326.0
1000930636.0,296.0,326.0
1000932380.0,360.0,329.0
1000934120.0,340.0,326.0
1000935864.0,328.0,328.0
1000937608.0,320.0,329.0
1000939352.0,328.0,328.0
1000941096.0,304.0,328.0
1000942840.0,318.0,329.0
1000944584.0,312.0,329.0
1000946328.0,329.0,325.0
1000948072.0,343.0,327.0
1000949816.0,327.0,324.0
1000951560.0,334.0,329.0
1000953304.0,333.0,329.0
1000955048.0,324.0,329.0
1000956788.0,321.0,328.0
1000958536.0,318.0,329.0
1000960276.0,339.0,329.0
1000962020.0,327.0,330.0
1000963764.0,311.0,326.0
1000965508.0,288.0,326.0
1000967252.0,324.0,327.0
1000968996.0,341.0,327.0
1000970740.0,340.0,329.0
1000972484.0,327.0,329.0
1000974228.0,321.0,327.0
1000975972.0,303.0,323.0
1000977716.0,314.0,327.0
1000979468.0,356.0,330.0
1000981204.0,320.0,325.0
1000982948.0,293.0,326.0
1000984692.0,330.0,327.0
1000986432.0,354.0,329.0
1000988180.0,351.0,329.0
1000989924.0,322.0,327.0
1000991664.0,306.0,325.0
1000993408.0,321.0,324.0
1000995152.0,333.0,328.0
1000996896.0,325.0,327.0
1000998640.0,312.0,324.0
1001000384.0,315.0,327.0
1001002128.0,310.0,327.0
1001003872.0,343.0,328.0
1001005616.0,331.0,328.0
1001007360.0,316.0,325.0
1001009104.0,325.0,327.0
1001010848.0,321.0,326.0
1001012588.0,318.0,327.0
1001014332.0,333.0,329.0
1001016076.0,338.0,330.0
1001017824.0,315.0,328.0
1001019568.0,312.0,327.0
1001021308.0,321.0,329.0
1001023052.0,346.0,328.0
1001024796.0,321.0,328.0
1001026540.0,318.0,325.0
1001028284.0,296.0,327.0
1001030028.0,347.0,328.0
1001031772.0,344.0,328.0
1001033516.0,322.0,328.0
1001035260.0,327.0,330.0
1001037004.0,316.0,327.0
1001038748.0,322.0,327.0
1001040492.0,346.0,327.0
1001042236.0,297.0,327.0
1001043988.0,319.0,327.0
1001045724.0,335.0,329.0
1001047464.0,326.0,328.0
1001049208.0,316.0,329.0
1001050952.0,330.0,326.0
1001052696.0,322.0,326.0
1001054440.0,300.0,330.0
1001056184.0,330.0,326.0
1001057928.0,334.0,326.0
1001059672.0,299.0,324.0
1001061416.0,341.0,327.0
1001063160.0,365.0,329.0
1001064904.0,320.0,328.0
1001066648.0,317.0,327.0
1001068392.0,322.0,327.0
1001070136.0,313.0,328.0
1001071880.0,313.0,328.0
1001073620.0,330.0,327.0
1001075364.0,341.0,329.0
1001077108.0,327.0,328.0
1001078852.0,322.0,328.0
1001080596.0,323.0,329.0
1001082340.0,332.0,329.0
1001084084.0,321.0,327.0
1001085828.0,318.0,327.0
1001087572.0,307.0,328.0
1001089316.0,338.0,326.0
1001091060.0,311.0,329.0
1001092804.0,329.0,326.0
1001094548.0,333.0,327.0
1001096292.0,324.0,328.0
1001098032.0,337.0,328.0
1001099780.0,333.0,326.0
1001101524.0,311.0,329.0
1001103264.0,309.0,327.0
1001105008.0,314.0,326.0
1001106752.0,327.0,327.0
1001108504.0,319.0,329.0
1001110240.0,329.0,327.0
1001111984.0,319.0,325.0
1001113728.0,335.0,327.0
1001115472.0,330.0,329.0
1001117216.0,310.0,329.0
1001118960.0,333.0,327.0
1001120704.0,354.0,327.0
1001122448.0,327.0,326.0
1001124192.0,312.0,329.0
1001125932.0,308.0,328.0
1001127676.0,314.0,327.0
1001129424.0,364.0,327.0
1001131164.0,311.0,328.0
1001132908.0,314.0,328.0
1001134652.0,342.0,328.0
1001136396.0,330.0,329.0
1001138140.0,326.0,327.0
1001139884.0,330.0,328.0
1001141628.0,309.0,326.0
1001143372.0,311.0,329.0
1001145116.0,318.0,328.0
1001146860.0,312.0,328.0
1001148604.0,310.0,329.0
1001150348.0,361.0,330.0
1001152092.0,335.0,327.0
1001153836.0,314.0,326.0
1001155580.0,336.0,329.0
1001157324.0,321.0,328.0
1001159064.0,323.0,330.0
1001160808.0,332.0,330.0
1001162552.0,293.0,325.0
1001164296.0,342.0,324.0
1001166040.0,336.0,328.0
1001167784.0,327.0,328.0
1001169528.0,324.0,327.0
1001171272.0,313.0,328.0
1001173020.0,314.0,328.0
1001174760.0,327.0,326.0
1001176504.0,327.0,325.0
1001178248.0,340.0,326.0
1001179988.0,321.0,329.0
1001181736.0,309.0,328.0
1001183480.0,320.0,328.0
1001185224.0,344.0,328.0
1001186964.0,337.0,327.0
1001188708.0,309.0,328.0
1001190452.0,315.0,326.0
1001192196.0,330.0,328.0
1001193940.0,333.0,328.0
1001195684.0,309.0,327.0
1001197428.0,314.0,328.0
1001199172.0,334.0,328.0
1001200916.0,340.0,330.0
1001202660.0,319.0,328.0
1001204404.0,356.0,329.0
1001206144.0,327.0,327.0
1001207888.0,297.0,327.0
1001209632.0,318.0,325.0
1001211380.0,324.0,327.0
1001213124.0,348.0,326.0
1001214864.0,336.0,327.0
1001216608.0,312.0,329.0
1001218352.0,324.0,328.0
1001220104.0,316.0,329.0
1001221840.0,314.0,327.0
1001223584.0,328.0,328.0
1001225328.0,329.0,326.0
1001227072.0,322.0,329.0
1001228816.0,325.0,328.0
1001230560.0,328.0,326.0
1001232304.0,326.0,326.0
1001234048.0,330.0,328.0
1001235792.0,318.0,327.0
1001237532.0,324.0,329.0
1001239276.0,316.0,328.0
1001241024.0,298.0,327.0
1001242764.0,334.0,330.0
1001244508.0,357.0,329.0
1001246252.0,345.0,329.0
1001247996.0,313.0,326.0
1001249740.0,325.0,329.0
1001251484.0,342.0,330.0
1001253228.0,317.0,324.0
1001254972.0,303.0,327.0
1001256716.0,308.0,325.0
1001258460.0,347.0,328.0
1001260204.0,329.0,326.0
1001261948.0,322.0,330.0
1001263692.0,341.0,327.0
1001265436.0,316.0,328.0
1001267176.0,302.0,328.0
1001268924.0,317.0,327.0
1001270664.0,332.0,328.0
1001272408.0,342.0,329.0
1001274152.0,331.0,328.0
1001275896.0,324.0,327.0
1001277640.0,324.0,327.0
1001279384.0,325.0,328.0
1001281128.0,325.0,327.0
1001282872.0,324.0,329.0
1001284624.0,324.0,327.0
1001286360.0,316.0,327.0
1001288100.0,321.0,326.0
1001289848.0,328.0,326.0
1001291592.0,321.0,327.0
1001293336.0,295.0,327.0
1001295080.0,340.0,329.0
1001296824.0,321.0,328.0
1001298564.0,372.0,329.0
1001300308.0,330.0,324.0
1001302052.0,306.0,325.0
1001303796.0,295.0,327.0
1001305540.0,331.0,327.0
1001307284.0,345.0,329.0
1001309028.0,340.0,327.0
1001310772.0,302.0,328.0
1001312516.0,312.0,325.0
1001314260.0,328.0,328.0
1001316004.0,326.0,328.0
1001317748.0,336.0,329.0
1001319488.0,314.0,328.0
1001321232.0,329.0,328.0
1001322980.0,321.0,327.0
1001324724.0,338.0,328.0
1001326464.0,320.0,326.0
1001328208.0,322.0,329.0
1001329952.0,321.0,328.0
1001331696.0,323.0,327.0
1001333440.0,329.0,327.0
1001335184.0,337.0,327.0
1001336928.0,311.0,331.0
1001338672.0,340.0,331.0
1001340416.0,308.0,324.0
1001342160.0,302.0,324.0
1001343904.0,325.0,327.0
1001345648.0,341.0,329.0
1001347392.0,329.0,328.0
1001349144.0,341.0,328.0
1001350880.0,330.0,328.0
1001352620.0,328.0,328.0
1001354364.0,323.0,328.0
1001356108.0,321.0,327.0
1001357852.0,323.0,326.0
1001359596.0,322.0,328.0
1001361340.0,300.0,327.0
1001363084.0,329.0,328.0
1001364828.0,346.0,329.0
1001366572.0,324.0,326.0
1001368316.0,324.0,327.0
